"Test Case ID","Workstream","Phase","Priority","Environment(s)","Title","Category/Tag","Objective","Steps (Action => Expected)","Pass/Fail Criteria","Suite File"
"TC-HO-01","Shared","Pattern (all hand-off phases)","n/a","All","Correct backlog & User Story creation","","","Open the **client-specific** Jira backlog (confirm with product owner/PM) => Correct backlog | Create a new User Story (not Task/Bug; not in a generic backlog) => Story created","Story created in the correct client backlog.","test-cases/_shared/TC_PATTERN_JiraHandoffPhase.md"
"TC-HO-02","Shared","Pattern (all hand-off phases)","n/a","All","Title formatted with real values, no placeholders","CRITICAL — REF substitution","","Apply the phase's Title template => Matches exactly | Replace every `REF[...]` with the value from Env Variables ""Key"" column => All replaced | Search the story for literal ""REF["" => Zero matches","No unresolved `REF[]` anywhere in Title/Description/AC.","test-cases/_shared/TC_PATTERN_JiraHandoffPhase.md"
"TC-HO-03","Shared","Pattern (all hand-off phases)","n/a","All","Description references the Tier from Phase 1","Tier correctness","","Confirm the Tier cited equals the Phase 1 Env Variables Tier => Identical | Confirm the correct Tier architecture file is the one referenced => Matches Tier","Tier in ticket = Phase 1 Tier; correct Tier spec linked. (Skip if phase has no Tier reference.)","test-cases/_shared/TC_PATTERN_JiraHandoffPhase.md"
"TC-HO-04","Shared","Pattern (all hand-off phases)","n/a","All","All reference links valid","Links resolve","","Follow every link in the Description (architecture folder, windward-1.0/2.0, Env Variables, phase-specific docs) => All resolve | Confirm linked docs are the intended targets => Correct targets","No broken or wrong links.","test-cases/_shared/TC_PATTERN_JiraHandoffPhase.md"
"TC-HO-05","Shared","Pattern (all hand-off phases)","n/a","All","Acceptance Criteria matches playbook wording","","","Enter the phase's prescribed Acceptance Criteria => Present and saved | Confirm it states the measurable done-condition => Yes","AC present, accurate, saved.","test-cases/_shared/TC_PATTERN_JiraHandoffPhase.md"
"TC-HO-06","Shared","Pattern (all hand-off phases)","n/a","All","Ticket assigned to the correct specialist team","CRITICAL — Assignment","","Assign per the phase Work Assignments => Correct team/owner | Confirm not left unassigned / wrong team => Correct","Routed to the documented team.","test-cases/_shared/TC_PATTERN_JiraHandoffPhase.md"
"TC-HO-07","Shared","Pattern (all hand-off phases)","n/a","All","One ticket per env, DEV→QAR→PROD→HFX","Sequential env order, where applicable","","If the phase processes per-environment, create one ticket per env => Separate tickets | Wait for each env to complete before the next => Order honored","Sequential order respected. (Skip if single-shot phase.)","test-cases/_shared/TC_PATTERN_JiraHandoffPhase.md"
"TC-HO-08","Shared","Pattern (all hand-off phases)","n/a","All","Completion confirmed by specialist team","Hand-off / wait-for-Done","","After assignment, monitor ticket => Specialist team updates to Done/Resolved or comments completion | Confirm the documented Output/Completion-Checklist deliverables are met => Deliverables evidenced in ticket","Specialist team confirms completion with evidence; otherwise follow up.","test-cases/_shared/TC_PATTERN_JiraHandoffPhase.md"
"TC-HO-09","Shared","Pattern (all hand-off phases)","n/a","All","Phase blocked if prior-phase deliverables incomplete","Negative — prerequisites","","Attempt the phase with an unmet prerequisite (e.g., prior phase not COMPLETE, missing access) => Cannot proceed; gap surfaced","Unmet prerequisite blocks the phase rather than producing an incomplete ticket.","test-cases/_shared/TC_PATTERN_JiraHandoffPhase.md"
"TC-P1-01","WS1","1","P1","One-time + PROD (member count)","All required Client Information fields collected","","Verify every Client Information field is gathered from the correct stakeholder and recorded before Step 2.","Collect Tenant Name, Tenant ID, Single/Multi-Tenant, Tenant Country Code, Client Member Count => All six fields present and non-empty | Confirm each value's source matches the ""Request data from"" column => Architect/Coordinator for tenant fields; AJ's SQL or NBI for member count | Confirm values temporarily recorded (notes/email) before Step 2 => Evidence exists","All fields collected from the documented source and recorded. Missing any field = Fail.","test-cases/WS1-Core-Infra-DB-Deploy/TC_Phase01_GatherClientAndAWSAccountInfo.md"
"TC-P1-02","WS1","1","P1","One-time + PROD (member count)","All required AWS Account Information fields collected","","Verify Cost Center, ATG, and New/Existing role are gathered from the correct owners.","Collect Cost Center (Finance — Kelly Barrero) => 6-digit code obtained | Collect ATG (Architect) => ATG governance ID obtained (e.g., ATG0004932) | Collect New vs Existing IAM role decision (Cloud Infra — Erik/Lindsay) => Decision recorded","All three AWS fields obtained from documented owners.","test-cases/WS1-Core-Infra-DB-Deploy/TC_Phase01_GatherClientAndAWSAccountInfo.md"
"TC-P1-03","WS1","1","P1","One-time + PROD (member count)","Field-format validation","Format/Negative","Verify format rules are enforced; malformed inputs are rejected.","Enter Tenant ID = ""KCL"" (3 chars) => Accepted | Enter Tenant ID = ""KC"" or ""KCLM"" => Rejected — must be exactly 3 chars | Enter Tenant ID equal to an existing tenant's ID => Rejected — must be unique across all tenants | Enter Cost Center = ""12AB56"" or ""1234"" => Rejected — must be 6 digits | Enter Country Code = ""USA"" => Rejected — expected short code ""us""/""ca""","Each malformed value is caught before Step 2.","test-cases/WS1-Core-Infra-DB-Deploy/TC_Phase01_GatherClientAndAWSAccountInfo.md"
"TC-P1-04","WS1","1","P1","One-time + PROD (member count)","Existing vs New client member-count path","Decision table","Verify the correct member-count source is used per client type.","Client exists in Windward → run `ClientMemCount.sql` on PROD => Count obtained via SQL (see `TC_SQL_ClientMemCount`) | Client NOT yet in Windward → NBI process => Flagged as gap G1 (NBI = TBD); onboarding blocked until NBI defined","Correct path chosen; new-client gap surfaced rather than silently skipped.","test-cases/WS1-Core-Infra-DB-Deploy/TC_Phase01_GatherClientAndAWSAccountInfo.md"
"TC-P1-05","WS1","1","P1","One-time + PROD (member count)","Member count produced by authorized US-based operator","Security","Verify PHI-touching member count is sourced compliantly.","Identify who ran the PROD count => A US-based team member with authorized PROD/PHI access | Attempt to source count from a non-US / unauthorized operator => Rejected / not permitted","Count provenance is compliant; otherwise Fail (S1 security defect).","test-cases/WS1-Core-Infra-DB-Deploy/TC_Phase01_GatherClientAndAWSAccountInfo.md"
"TC-P1-06","WS1","1","P1","One-time + PROD (member count)","Tab copy & filter procedure","","Verify the operator copies `Master_Sheet`, renames to client, and filters to Phase 1 / Manual rows.","Copy `Master_Sheet` tab in Environment Variables workbook => New tab created | Rename tab to client name (e.g., ""Client X"") => Tab renamed | Filter Col H = Phase 1, Col G = Manual => Only Phase 1 Manual rows shown | Clear existing Col C values on those rows => Manual cells emptied, ready for input","Working tab prepared exactly per instructions; `Master_Sheet` left unmodified.","test-cases/WS1-Core-Infra-DB-Deploy/TC_Phase01_GatherClientAndAWSAccountInfo.md"
"TC-P1-07","WS1","1","P1","One-time + PROD (member count)","Tier derived correctly at every boundary","Boundary — Tier calculation, CRITICAL","Verify Tier logic: `>=1,000,000 → Tier 1`, `>=100,000 → Tier 2`, `<100,000 → Tier 3`. This is the single highest-value computed value in Phase 1.","0 (B-5) => Tier 3 | 99,999 (B-1) => Tier 3 | 100,000 (B-2) => Tier 2 | 250,000 (C-MID) => Tier 2 | 999,999 (B-3) => Tier 2 | 1,000,000 (B-4) => Tier 1 | 1,500,000 (C-HIGH) => Tier 1 | 15,172 (C-LOW) => Tier 3","Every row yields the expected Tier. Any boundary miss = Fail (S1 — wrong Tier mis-sizes all downstream infrastructure).","test-cases/WS1-Core-Infra-DB-Deploy/TC_Phase01_GatherClientAndAWSAccountInfo.md"
"TC-P1-08","WS1","1","P1","One-time + PROD (member count)","All Manual Phase-1 fields entered in Column C","","Verify every Manual field is populated: Single/Multi-Tenant, Member Count, Tier, Tenant Name, Tenant ID, Country Code, Cost Center, ATG, New/Existing role.","Inspect Col C for each Manual row => All nine values present, none left blank | Cross-check each value vs Step 1 collected data => Exact match","All Manual fields populated and consistent with Step 1.","test-cases/WS1-Core-Infra-DB-Deploy/TC_Phase01_GatherClientAndAWSAccountInfo.md"
"TC-P1-09","WS1","1","P1","One-time + PROD (member count)","Spreadsheet values match stakeholder source exactly","Data validation","Verify no transcription drift between stakeholder inputs and spreadsheet.","Compare each Col C value to the recorded stakeholder value => Character-for-character match | Compare formats to Step 1 rules => All formats valid","Zero discrepancies.","test-cases/WS1-Core-Infra-DB-Deploy/TC_Phase01_GatherClientAndAWSAccountInfo.md"
"TC-P1-10","WS1","1","P1","One-time + PROD (member count)","Two operators, same client → identical Tier & values","Repeatability","Verify the procedure is deterministic.","Operator A and Operator B independently complete Phase 1 for C-MID => Same Member Count, same Tier 2, same field values","Results identical across operators.","test-cases/WS1-Core-Infra-DB-Deploy/TC_Phase01_GatherClientAndAWSAccountInfo.md"
"TC-P1-11","WS1","1","P1","One-time + PROD (member count)","Links, references, and glossary consistency","","","Follow every `[...](...)` link in Phase 1 => All resolve (Introduction, Glossary, ClientMemCount.sql, Env Variables) | Confirm every defined term (Tenant, Tier, Single/Multi-Tenant, etc.) exists in Glossary => All present and non-contradictory | Confirm Completion Checklist items map to Steps 1–2 outputs => Each deliverable traceable","No broken links, no undefined/contradictory terms.","test-cases/WS1-Core-Infra-DB-Deploy/TC_Phase01_GatherClientAndAWSAccountInfo.md"
"TC-SQL-01","WS1","SQL (Phase 1)","P1","PROD (read-only)","Golden client returns verified count","CRITICAL — Accuracy","Query result matches the independently verified member count for the golden client.","Set `purchaser_gid = <GOLD>`; run on PROD => Executes without error | `SELECT COUNT(*) FROM #temp_member_search` => Equals GOLD expected count | Compare to independent source (NBI/prior audit) => Match within agreed tolerance (ideally exact)","Count matches verified figure. Mismatch = Fail (S1).","test-cases/WS1-Core-Infra-DB-Deploy/TC_SQL_ClientMemCount.md"
"TC-SQL-02","WS1","SQL (Phase 1)","P1","PROD (read-only)","No duplicate members inflate the count","Distinctness","`contact_relation_gid` is distinct despite multiple coverage rows per member.","`SELECT COUNT(*) , COUNT(DISTINCT contact_relation_gid) FROM #temp_member_search` => Both equal | Confirm `GROUP BY cm.contact_relation_gid` collapses multi-coverage members => One row per member","No duplicates. (The `GROUP BY` should guarantee this — verify it actually does given the multi-join fan-out.)","test-cases/WS1-Core-Infra-DB-Deploy/TC_SQL_ClientMemCount.md"
"TC-SQL-03","WS1","SQL (Phase 1)","P1","PROD (read-only)","Total vs Active count clarified","CRITICAL — Definition gap G2","Phase 1 asks to record **both total and active** counts, but this query returns ONE number filtered by `record_status='A'` on every join. Verify what the number actually represents.","Determine semantics of `record_status='A'` => 'A' = row is active/not-deleted, NOT member coverage status | Check whether termed (coverage-ended) members are included => Per header intent, termed-but-resident members SHOULD be counted | Confirm whether a separate ""active members"" figure exists => If none → **defect**: query provides total only; ""active count"" undefined","Semantics documented; if no active-only query exists, raise defect against Phase 1 / SQL (gap G2). Do not guess the active figure.","test-cases/WS1-Core-Infra-DB-Deploy/TC_SQL_ClientMemCount.md"
"TC-SQL-04","WS1","SQL (Phase 1)","P1","PROD (read-only)","Termed members are counted","Inactive inclusion","Validate the header claim that inactive/termed members still in Windward are included.","Run for TERMED profile (members termed but data resident) => Count > 0 | Cross-check a known termed member appears in `#temp_member_search` => Present","Termed-but-resident members included as intended. (Note: if `record_status='A'` joins exclude them, this contradicts the header — raise defect.)","test-cases/WS1-Core-Infra-DB-Deploy/TC_SQL_ClientMemCount.md"
"TC-SQL-05","WS1","SQL (Phase 1)","P1","PROD (read-only)","Count feeds correct Tier","Boundary → Tier handoff","The produced count maps to the Tier rule (link to `TC-P1-07`).","Take query count and apply Tier rule => >=1M→T1, >=100K→T2, <100K→T3 | Verify count near a Tier boundary classifies correctly => Correct Tier","Count → Tier mapping correct.","test-cases/WS1-Core-Infra-DB-Deploy/TC_SQL_ClientMemCount.md"
"TC-SQL-06","WS1","SQL (Phase 1)","P1","PROD (read-only)","Nonexistent purchaser_gid","Negative","","Set `purchaser_gid = 999999999`; run => 0 rows; no error | Operator interprets 0 correctly => Recognized as ""no members / wrong gid"", not Tier 3 by default","Empty result handled and interpreted, not silently taken as a real count.","test-cases/WS1-Core-Infra-DB-Deploy/TC_SQL_ClientMemCount.md"
"TC-SQL-07","WS1","SQL (Phase 1)","P1","PROD (read-only)","Read-only, no side effects","Safety / non-destructive","Verify the script only creates a temp table and reads; it must not alter production data.","Review statements => Only `DROP TABLE IF EXISTS #temp_member_search` (session temp) + `SELECT ... INTO #temp` | Confirm `#temp_member_search` is session-scoped (single `#`) => Yes — no global/permanent table impact | Run with read-only credentials => Succeeds; no write to base tables","No production data modified; temp table is session-scoped.","test-cases/WS1-Core-Infra-DB-Deploy/TC_SQL_ClientMemCount.md"
"TC-SQL-08","WS1","SQL (Phase 1)","P1","PROD (read-only)","Re-run yields identical count","Repeatability","","Run twice in succession for GOLD => Identical counts (barring real-time enrollment changes) | Confirm `DROP TABLE IF EXISTS` makes the script safely re-runnable in one session => No ""object exists"" error on re-run","Deterministic and re-runnable.","test-cases/WS1-Core-Infra-DB-Deploy/TC_SQL_ClientMemCount.md"
"TC-SQL-09","WS1","SQL (Phase 1)","P1","PROD (read-only)","Instructions are followable","Usability/Doc","","Follow header instructions (replace gid, run on PROD, new-client note) => Clear and sufficient | Note: header says ""Replace 'purchaser_gid'"" but code hardcodes `p.purchaser_gid = 86319` => **Defect**: instruction/code mismatch — the literal to replace is the numeric value, not a placeholder named `purchaser_gid`","Operator can run it unaided; doc/code mismatch logged as minor defect.","test-cases/WS1-Core-Infra-DB-Deploy/TC_SQL_ClientMemCount.md"
"TC-SQL-10","WS1","SQL (Phase 1)","P1","PROD (read-only)","Runs within acceptable window on PROD","Performance sanity","","Time execution for a large (Tier 1) client => Completes within agreed window; no PROD impact | Confirm no table locks/blocking on base tables => Read-only, minimal footprint","Acceptable runtime, no production disruption.","test-cases/WS1-Core-Infra-DB-Deploy/TC_SQL_ClientMemCount.md"
"TC-P2-01","WS1","2","P2","ServiceNow request","ServiceNow navigation path is correct","","Verify the request is raised via the documented catalog path.","Service Catalog → ""Are you requesting something new?"" → Infrastructure Request => Form opens | Type of Request = ""Cloud Request"" => Selected | Cloud Provider = ""AWS"" => Selected | Short Description = ""AWS Accounts Request"" => Entered","Correct catalog item and field selections reached.","test-cases/WS1-Core-Infra-DB-Deploy/TC_Phase02_RequestAWSAccounts.md"
"TC-P2-02","WS1","2","P2","ServiceNow request","All REF[] placeholders replaced with Env Variables values","CRITICAL — Data","Verify every `REF[]` token in the Additional Comments table is replaced with the matching Column C value; **no placeholder remains**.","Paste the 11-row request table into Additional Comments => Table present | Replace each REF[] (AWS Accounts, Cost Center, Environment, Environment Prefix, Primary Owner, Secondary Owner, Support Group, Account Type, Application (CMDB), ATG, New/Existing role) => All replaced | Search the comment for the literal string ""REF["" => Zero matches","No unresolved `REF[]` remains. Any leftover = Fail (S2).","test-cases/WS1-Core-Infra-DB-Deploy/TC_Phase02_RequestAWSAccounts.md"
"TC-P2-03","WS1","2","P2","ServiceNow request","AWS Accounts / Environment / Environment Prefix expanded as separate columns","Multi-value fields","Verify multi-value fields (spreadsheet Columns C–F) are entered as separate columns per the example, not collapsed into one cell.","Identify DEV/QAR/PROD/HFX values for AWS Accounts, Environment, Environment Prefix => All values listed | Render each as its own column in the request table => Matches `aws-account-request-details.png` example","Multi-value fields expanded correctly and completely.","test-cases/WS1-Core-Infra-DB-Deploy/TC_Phase02_RequestAWSAccounts.md"
"TC-P2-04","WS1","2","P2","ServiceNow request","Ticket content matches Env Variables exactly","Data validation","Verify no discrepancy between ticket values and spreadsheet (Instruction #7).","Compare each ticket value to spreadsheet Column C–F => Character-for-character match | Confirm no extra/missing fields => All 11 keys present","Zero discrepancies before submission.","test-cases/WS1-Core-Infra-DB-Deploy/TC_Phase02_RequestAWSAccounts.md"
"TC-P2-05","WS1","2","P2","ServiceNow request","Ticket submitted and routed to Cloud Infra","","","Click ""Order Now"" => Ticket created with a number | Confirm work routes to Cloud Infra (Erik / mgr Kenneth Holton) => Assignment correct | Record ticket number for Phase 2.1 reference => Captured","Ticket submitted, numbered, and routed correctly.","test-cases/WS1-Core-Infra-DB-Deploy/TC_Phase02_RequestAWSAccounts.md"
"TC-P2-06","WS1","2","P2","ServiceNow request","Phase 1 incomplete blocks Phase 2","Negative","","Attempt Phase 2 with missing/blank Env Variables values => Cannot complete — REF[] values unavailable","Phase correctly blocked when prerequisite incomplete.","test-cases/WS1-Core-Infra-DB-Deploy/TC_Phase02_RequestAWSAccounts.md"
"TC-P2-07","WS1","2","P2","ServiceNow request","Accounts created and documented post-resolution","Handoff outcome","Verify the completion-checklist hand-off: after ticket Resolved, accounts exist and Account ID/IAM Role are documented in Env Variables by Cloud Infra (filter Column A = ""AWS Account"").","After ticket Resolved, check Env Variables Column A filtered to ""AWS Account"" => Account ID & IAM Role populated for all envs | Confirm accounts exist in AWS => Validated in Phase 2.1","Accounts created and documented; otherwise re-engage Cloud Infra. (Detailed account/naming validation lives in `TC_Phase02.1`.)","test-cases/WS1-Core-Infra-DB-Deploy/TC_Phase02_RequestAWSAccounts.md"
"TC-P2-08","WS1","2","P2","ServiceNow request","Links, image, and Jira-vs-ServiceNow note","Static","","Confirm `aws-account-request-details.png` present => Exists | Follow Env Variables link => Resolves | Note: playbook states ServiceNow is preferred over Jira going forward => Operator uses ServiceNow (not the legacy Jira backlog)","No broken links/images; operator uses the correct (ServiceNow) channel.","test-cases/WS1-Core-Infra-DB-Deploy/TC_Phase02_RequestAWSAccounts.md"
"TC-P2.1-01","WS1","2.1","P2","DEV/QAR/PROD/HFX","SailPoint request for ""AWS Development"" role","","Verify the access request is raised correctly and references the Phase 2 ticket.","Open DQ SailPoint (Okta tile) → Request Center => Request Center loads | Search ""AWS Development"" role => Role found | Add comment with Tenant Name + Phase 2 ticket number/link => Comment saved | Submit request => Request submitted; pending approval","Correct role requested with required comment/ticket reference.","test-cases/WS1-Core-Infra-DB-Deploy/TC_Phase02.1_TestAWSAccounts.md"
"TC-P2.1-02","WS1","2.1","P2","DEV/QAR/PROD/HFX","Wrong/ambiguous role selection is caught","Negative","Verify operator can identify the correct role despite SailPoint naming ambiguity (per Common Issues).","Search roles; observe unclear names => Ambiguity reproduced | Escalate to InfoSec (Jamie Smith) per documented resolution => ""AWS Development"" confirmed as correct role","Operator lands on the correct role; resolution path works.","test-cases/WS1-Core-Infra-DB-Deploy/TC_Phase02.1_TestAWSAccounts.md"
"TC-P2.1-03","WS1","2.1","P2","DEV/QAR/PROD/HFX","Login to AWS landing account via Okta Federation","","","After approval, open Okta → AWS Account Federation tile => Lands in default/landing account (NOT client account) | Confirm dev/qar/stage roles visible => Roles listed | Select a role (e.g., aws-oktaSSO-windward-devrole) → Sign in => AWS Console Home loads","Successful login; operator understands landing ≠ client account.","test-cases/WS1-Core-Infra-DB-Deploy/TC_Phase02.1_TestAWSAccounts.md"
"TC-P2.1-04","WS1","2.1","P2","DEV/QAR/PROD/HFX","PROD account may require separate InfoSec request","Negative","Verify the documented exception that PROD may need a separate account/request.","Attempt to reach PROD role from landing page => If absent, operator contacts InfoSec for separate PROD account","PROD access gap recognized and routed correctly (gap G6).","test-cases/WS1-Core-Infra-DB-Deploy/TC_Phase02.1_TestAWSAccounts.md"
"TC-P2.1-05","WS1","2.1","P2","DEV/QAR/PROD/HFX","Region pinned to us-east-1 before any action","CRITICAL","Verify region is set to us-east-1 first (playbook: ""DO NOT skip this step"").","Check region selector => Shows us-east-1 (or operator switches to it) | Proceed only after region confirmed => All subsequent validation in us-east-1","Region is us-east-1 before switching roles. Wrong region = Fail.","test-cases/WS1-Core-Infra-DB-Deploy/TC_Phase02.1_TestAWSAccounts.md"
"TC-P2.1-06","WS1","2.1","P2","DEV/QAR/PROD/HFX","Switch Role into the client account","","","Top-right account dropdown → Switch Role => Switch Role form opens | Paste Account ID + IAM role from Env Variables for the target env => Values entered; optional fields blank | Click Switch Role => Top-right shows new client account name + ID","Switch succeeds into the correct client account.","test-cases/WS1-Core-Infra-DB-Deploy/TC_Phase02.1_TestAWSAccounts.md"
"TC-P2.1-07","WS1","2.1","P2","DEV/QAR/PROD/HFX","Account naming convention matches Env Variables","Data/Naming validation, CRITICAL","Verify created accounts match the Environment Variables `Key` column `REF[AWS Accounts]` naming convention.","Read account name shown in AWS top-right => Matches the expected generated name in Env Variables | Confirm Account ID = 12 digits and matches spreadsheet => Exact match | Confirm IAM role name matches the env (devrole/qarrole/etc.) => Exact match","Account name, ID, and role match the spreadsheet exactly. Any mismatch = Fail (route to Cloud Infra/InfoSec).","test-cases/WS1-Core-Infra-DB-Deploy/TC_Phase02.1_TestAWSAccounts.md"
"TC-P2.1-08","WS1","2.1","P2","DEV/QAR/PROD/HFX","Validate ALL environments (DEV, QAR, PROD, HFX)","","Verify the switch-and-validate procedure is repeated for every environment.","For each of DEV, QAR, PROD, HFX: close console, re-open Federation tile, pick the env role, sign in => Lands in correct env landing | Repeat region check + switch role + naming validation (TC-05..07) => Each env validated | Confirm none missing => All four accounts exist & valid","All four environments validated with correct naming. Missing env = Fail (gap → Cloud Infra).","test-cases/WS1-Core-Infra-DB-Deploy/TC_Phase02.1_TestAWSAccounts.md"
"TC-P2.1-09","WS1","2.1","P2","DEV/QAR/PROD/HFX","Missing or mis-named account is detected and routed","Negative","","Encounter a missing account or wrong naming => Detected during validation | Follow documented escalation => Contact Cloud Infra (Erik/Lindsay) or InfoSec (Jamie Smith)","Issue detected and escalated per playbook (not silently passed).","test-cases/WS1-Core-Infra-DB-Deploy/TC_Phase02.1_TestAWSAccounts.md"
"TC-P2.1-10","WS1","2.1","P2","DEV/QAR/PROD/HFX","Screenshots & links present and current","","","Confirm referenced images exist (aws-landing, console-home-page, us-east-1, switch-role-dropdown, accountid-iamrole, switch-success-2, account-confirm, aws-landing-qar) => All present | Follow Phase 2 / Env Variables links => Resolve correctly","No missing screenshots or broken links.","test-cases/WS1-Core-Infra-DB-Deploy/TC_Phase02.1_TestAWSAccounts.md"
"TC-P3-01","WS1","3","P2","DEV/QAR/PROD/HFX","User Story created with correct title, Tier-referenced description, links","","","Create story in the client's Jira backlog => Story created | Title = ""Tenant AWS Provisioning - <Tenant Name>"" (from Env Variables) => Exact format, real tenant name (no `REF[]`) | Description references **Tier from Phase 1** and links: architecture folder, windward-1.0, windward-2.0, Env Variables, Costing.xls => All present and resolve | Acceptance Criteria matches playbook wording (server setup complete, names/IPs documented, validated) => Present | Assign to Cloud Infra (Erik / mgr David DiPerna) => Assigned","Ticket complete, Tier correct, links resolve, assigned correctly.","test-cases/WS1-Core-Infra-DB-Deploy/TC_Phase03_Infrastructure.md"
"TC-P3-02","WS1","3","P2","DEV/QAR/PROD/HFX","Wrong Tier referenced → wrong architecture sizing","Negative","","Cross-check Tier in ticket vs Phase 1 Env Variables => Identical | Inject a mismatched Tier (e.g., Tier 2 for a Tier 3 client) => Caught in review before assignment","Tier in ticket always equals Phase 1 Tier (drives server list).","test-cases/WS1-Core-Infra-DB-Deploy/TC_Phase03_Infrastructure.md"
"TC-P3-03","WS1","3","P2","DEV/QAR/PROD/HFX","Validate per environment in DEV→QAR→PROD→HFX order","Sequential order","Verify the documented provisioning/validation order is honored (DEV validated & approved before QAR provisioned, etc.).","Validate DEV first => DEV validated before QAR appears | Proceed only after each env approved => Order preserved through HFX","Environments validated strictly in sequence.","test-cases/WS1-Core-Infra-DB-Deploy/TC_Phase03_Infrastructure.md"
"TC-P3-04","WS1","3","P2","DEV/QAR/PROD/HFX","All servers exist with correct naming per Env Variables","CRITICAL — Naming","","AWS Console → EC2 → Instances (running) => Instance list loads | Compare running instances to the expected server list for the Tier (architecture + Env Variables tab) => Every expected server present | Verify each server name matches the naming convention exactly => All match | Confirm no missing and no unexpected extra servers => Set matches expected","Full server set present with correct names. Missing/misnamed = Fail → Cloud Infra.","test-cases/WS1-Core-Infra-DB-Deploy/TC_Phase03_Infrastructure.md"
"TC-P3-05","WS1","3","P2","DEV/QAR/PROD/HFX","Server names & IPs documented in Env Variables by Cloud Infra","","","Open client tab in Env Variables => Server names + IPs populated | Cross-check against AWS console => Consistent","Documentation complete and matches AWS.","test-cases/WS1-Core-Infra-DB-Deploy/TC_Phase03_Infrastructure.md"
"TC-P3-06","WS1","3","P2","DEV/QAR/PROD/HFX","Missing component / wrong naming is logged and escalated","Negative","","Encounter missing/misnamed server => Logged as issue | Escalate to Cloud Infra (Erik/Lindsay) => Routed correctly","Issue detected and escalated, not passed.","test-cases/WS1-Core-Infra-DB-Deploy/TC_Phase03_Infrastructure.md"
"TC-P3-07","WS1","3","P2","DEV/QAR/PROD/HFX","Incomplete ""Connect to AWS server"" step","Documentation defect","Flag that Step 2.3.d is an unfinished `TODO` (""Add steps here for Connect to AWS server"").","Attempt to follow Step 2.3.d => No instructions present → cannot execute","Gap confirmed and logged (defect D-P3-1); connect-to-server validation deferred until authored. Scope note acknowledged: detailed functional/LB/connectivity testing is out of this phase (separate testing playbook).","test-cases/WS1-Core-Infra-DB-Deploy/TC_Phase03_Infrastructure.md"
"TC-P3.1-01","WS1","3.1","P3","DEV/QAR/PROD/HFX","Kerberos architecture documentation link is present and correct","","","Confirm Description includes the `/architecture/kerberos-setup` link (not just generic arch) => Present & resolves","Kerberos-specific doc linked.","test-cases/WS1-Core-Infra-DB-Deploy/TC_Phase03.1_KerberosSetup.md"
"TC-P3.1-02","WS1","3.1","P3","DEV/QAR/PROD/HFX","Kerberos configured AND validated by Kerberos Team","Hand-off outcome","","Await Jira ticket → Done or completion comment => Kerberos Team confirms configured + validated | Confirm all three Outputs evidenced (ticket w/ link & assignment; configured; validated) => Yes","Configuration and validation both confirmed by Kerberos Team (note: this phase delegates validation entirely to that team — SQA verifies the confirmation exists).","test-cases/WS1-Core-Infra-DB-Deploy/TC_Phase03.1_KerberosSetup.md"
"TC-P3.2-01","WS1","3.2","P3","DEV/QAR/PROD/HFX","LB, alias, and listener details documented in Env Variables","Data","","After setup, inspect client tab for load balancer, alias, listener entries => All present, accurate, complete | Both Infra and App & Network teams confirm sufficiency for Phase 3.3 => Confirmed","LB/alias/listener details complete (gates Phase 3.3 cert work).","test-cases/WS1-Core-Infra-DB-Deploy/TC_Phase03.2_LoadBalancers.md"
"TC-P3.2-02","WS1","3.2","P3","DEV/QAR/PROD/HFX","DNS CNAME configured for ALL servers and load balancers","CRITICAL","","Enumerate every server + LB requiring an alias => Complete list | Confirm a CNAME exists and resolves for each => All resolve to correct target | Confirm branded/user-friendly names map correctly (not raw AWS endpoints) => Correct mapping","Every server/LB has a working CNAME.","test-cases/WS1-Core-Infra-DB-Deploy/TC_Phase03.2_LoadBalancers.md"
"TC-P3.2-03","WS1","3.2","P3","DEV/QAR/PROD/HFX","DNS change connectivity issue is handled","Negative / rollback","","Simulate/observe a bad CNAME or timing issue => Connectivity issue detected | App & Network Team investigates and rolls back if needed => Rollback path works (per Common Issues)","Rollback/troubleshooting procedure is effective.","test-cases/WS1-Core-Infra-DB-Deploy/TC_Phase03.2_LoadBalancers.md"
"TC-P3.2-04","WS1","3.2","P3","DEV/QAR/PROD/HFX","DNS CNAME change submitted via ServiceNow","Change control","","Confirm DNS CNAME change went through a ServiceNow Change Request => CR exists; approver = Steven DePietro","DNS changes are change-controlled, not ad hoc.","test-cases/WS1-Core-Infra-DB-Deploy/TC_Phase03.2_LoadBalancers.md"
"TC-P3.3-01","WS1","3.3","P2","DEV/QAR/PROD/HFX","Cert work blocked until LB/alias details confirmed","Dependency gate","","Attempt cert setup with LB/alias details missing/incomplete => Blocked — prerequisite not met | Proceed only after both teams confirm Phase 3.2 output sufficient => Allowed","Hard dependency on Phase 3.2 enforced.","test-cases/WS1-Core-Infra-DB-Deploy/TC_Phase03.3_Certificates.md"
"TC-P3.3-02","WS1","3.3","P2","DEV/QAR/PROD/HFX","Certificates valid, trusted, and correctly bound","CRITICAL — Security","","After application, browse each HTTPS endpoint / inspect cert => Valid chain, trusted CA, not expired | Confirm CN/SAN matches the DNS alias/hostname => Match (no name mismatch) | Confirm cert applied to all servers and load balancers in scope => All covered | Confirm HTTPS/TLS negotiated (encrypted in transit) => Secure connection established","Valid, trusted, correctly-bound certs on all endpoints.","test-cases/WS1-Core-Infra-DB-Deploy/TC_Phase03.3_Certificates.md"
"TC-P3.3-03","WS1","3.3","P2","DEV/QAR/PROD/HFX","CSR & renewal process documented/followed","","","Confirm CSR generated per documented steps (PowerShell script) and ServiceNow request used to attach => Followed | Confirm renewal/expiry tracking exists => Renewal plan documented (avoids future outage)","CSR/renewal handled per `/architecture/certificates`.","test-cases/WS1-Core-Infra-DB-Deploy/TC_Phase03.3_Certificates.md"
"TC-P3.4-01","WS1","3.4","P1","DEV/QAR/PROD/HFX","IT Intake submitted only when required","CRITICAL — Decision table","Verify the operator correctly decides whether Step 1 applies. Step 1 is **project-level**, not per-client.","New project; InfoSec not yet engaged => **Submit** IT Intake | Project restarted after a multi-month pause; resources may be re-assigned => **Submit** IT Intake (re-allocate) | Project active; InfoSec currently allocated & engaged => **Skip** to Step 2 | New client within a running project, no InfoSec gap => **Skip** to Step 2","Operator's submit/skip choice matches the expected decision for each scenario. Wrong choice = Fail (either wasted intake or unallocated InfoSec).","test-cases/WS1-Core-Infra-DB-Deploy/TC_Phase03.4_Infrastructure_Security.md"
"TC-P3.4-02","WS1","3.4","P1","DEV/QAR/PROD/HFX","IT Intake form completed correctly (when submitted)","","","Initiative Type = ""Project"" => Selected | Subject = ""InfoSec Security Controls Setup - <Tenant Name>"" (real name, no `REF[]`) => Correct | Reported By + email completed => Present | Additional Details include Env Variables + InfoSec Requirements links => Both resolve | Submit; capture ticket number => Number saved/tracked | Notify InfoSec team with ticket number (email/Teams) => Notification sent","Form correct, ticket number captured & tracked, InfoSec notified.","test-cases/WS1-Core-Infra-DB-Deploy/TC_Phase03.4_Infrastructure_Security.md"
"TC-P3.4-03","WS1","3.4","P1","DEV/QAR/PROD/HFX","Server/IP/LB details present before intake","Prereq data","","Confirm Env Variables has servers, IPs, load balancers, components => Complete | If missing → contact Cloud Infra before submitting => Gap routed","InfoSec receives complete infrastructure details.","test-cases/WS1-Core-Infra-DB-Deploy/TC_Phase03.4_Infrastructure_Security.md"
"TC-P3.4-04","WS1","3.4","P1","DEV/QAR/PROD/HFX","Step 2 performed for EVERY client regardless of Step 1","CRITICAL","","Confirm Step 2 executed even when Step 1 was skipped => Always done","Step 2 never skipped.","test-cases/WS1-Core-Infra-DB-Deploy/TC_Phase03.4_Infrastructure_Security.md"
"TC-P3.4-05","WS1","3.4","P1","DEV/QAR/PROD/HFX","All 5 security user stories created with correct titles, references, assignment","","Verify each user story exists with `REF[Tenant ID]` substituted, correct reference doc(s), AC, and InfoSec assignment.","AWS Server Setup - <Tenant ID> => `aws-server-setup.md` | Create Access Roles - <Tenant ID> => `aws-server-setup.md`, `windward-okta-sso-integration.md` | Kerberos / AD Prerequisites (OAG) - <Tenant ID> => `oag-instructions.md` | Security Control Validations - <Tenant ID> => `security-controls-validation.md` | ForcePoint DSS Server Provisioning - <Tenant ID> *(requires PHI-ready servers)* => `forcepoint-dss-fingerprinting.md`","All 5 stories correct, linked, and assigned.","test-cases/WS1-Core-Infra-DB-Deploy/TC_Phase03.4_Infrastructure_Security.md"
"TC-P3.4-06","WS1","3.4","P1","DEV/QAR/PROD/HFX","ForcePoint DSS requires PHI-ready servers","Sequencing — US5 PHI gate","","Confirm US5 is gated on PHI-ready servers => Not executed before servers PHI-ready","US5 dependency respected (DLP fingerprinting on PHI-bearing servers).","test-cases/WS1-Core-Infra-DB-Deploy/TC_Phase03.4_Infrastructure_Security.md"
"TC-P3.4-07","WS1","3.4","P1","DEV/QAR/PROD/HFX","Security controls deployed & validated by InfoSec","Hand-off outcome","","Await InfoSec confirmation (email/Teams) => Controls deployed & validated | Confirm all backlog stories/tasks closed => Closed","InfoSec confirms controls deployed and validated.","test-cases/WS1-Core-Infra-DB-Deploy/TC_Phase03.4_Infrastructure_Security.md"
"TC-P3.4-08","WS1","3.4","P1","DEV/QAR/PROD/HFX","If Step 1 applied, it must be COMPLETE before Step 2 closure","Negative — prereq","","Where Step 1 applied, verify intake submitted & InfoSec notified before relying on Step 2 execution => Enforced","Conditional prerequisite honored.","test-cases/WS1-Core-Infra-DB-Deploy/TC_Phase03.4_Infrastructure_Security.md"
"TC-P4-01","WS1","4","P1","DEV/QAR/PROD/HFX","Databases created/sized per Tier architecture","Tier — DB config","","Confirm DB names/sizes/configs follow the Tier-appropriate database-tier spec => Matches Tier | Confirm details documented in Env Variables => Recorded","DBs configured per Tier and documented.","test-cases/WS1-Core-Infra-DB-Deploy/TC_Phase04_SetupDBs.md"
"TC-P4-02","WS1","4","P1","DEV/QAR/PROD/HFX","Connect using comma-port format","SQA validation — connectivity via SSMS","","Add credential in Windows Credential Manager: `REF[windward-database-server-ip]:1437` + DQ creds => Saved | SSMS → Connect to Server: `REF[windward-database-server-ip],1437` (**comma, not colon**) + Windows Auth => Connects (wait 30–60s) | Expand Databases; confirm all expected DBs present/accessible => All visible","Connects and all databases visible.","test-cases/WS1-Core-Infra-DB-Deploy/TC_Phase04_SetupDBs.md"
"TC-P4-03","WS1","4","P1","DEV/QAR/PROD/HFX","Colon-before-port causes failure","Negative — known issue","","Attempt `IP:1437` (colon) => Connection error (reproduces Common Issue) | Switch to `IP,1437` (comma) => Connects","Comma format required; colon fails as documented.","test-cases/WS1-Core-Infra-DB-Deploy/TC_Phase04_SetupDBs.md"
"TC-P4-04","WS1","4","P1","DEV/QAR/PROD/HFX","DEV validated before QAR, then PROD","Sequential env","","Validate DEV first; QAR configured after DEV approved => Order honored (note: doc lists DEV→QAR→Prod; confirm HFX handling)","Sequential order honored.","test-cases/WS1-Core-Infra-DB-Deploy/TC_Phase04_SetupDBs.md"
"TC-P4-05","WS1","4","P1","DEV/QAR/PROD/HFX","Broken infosec prereq reference","DOC DEFECT","","Follow ""Phase 3.1 Security setup"" → `Phase03.1_Infosec.md` (infosec is Phase 3.4; 3.1 is Kerberos) => Broken/wrong ref","Defect D-P4-1 logged (recurring infosec mis-reference).","test-cases/WS1-Core-Infra-DB-Deploy/TC_Phase04_SetupDBs.md"
"TC-P4.1-01","WS1","4.1","P1","PROD/HFX only","Operation restricted to PROD/HFX only","CRITICAL — Environment gating","Verify the offline operation is NEVER performed for DEV/QAR.","Confirm ticket targets PROD (or HFX) => Correct env | Attempt to scope this phase for DEV/QAR => Rejected — phase applies to PROD/HFX only","Only PROD/HFX targeted. Any DEV/QAR offline attempt = Fail (S1).","test-cases/WS1-Core-Infra-DB-Deploy/TC_Phase04.1_BringComDBOfflinePROD.md"
"TC-P4.1-02","WS1","4.1","P1","PROD/HFX only","Approved maintenance window exists before offline","CRITICAL — Change control","","Confirm PM/BA + business stakeholders approved a window => Documented date/time | Confirm ticket Description has ""Approved Maintenance Window: <date/time>"" (not the `[INSERT DATE AND TIME]` placeholder) => Real value present | Confirm offline occurs only within the window => Within window","Offline only under an approved, documented window. Placeholder left unfilled = Fail.","test-cases/WS1-Core-Infra-DB-Deploy/TC_Phase04.1_BringComDBOfflinePROD.md"
"TC-P4.1-03","WS1","4.1","P1","PROD/HFX only","Connections drained & app teams notified before offline","Safety","","Confirm application teams notified pre-offline => Notified | Confirm all active connections terminated gracefully => Graceful drain | Confirm exact offline time documented => Timestamp recorded | Confirm DB fully offline before any backup begins => Verified offline","Graceful, notified, documented, fully-offline before downstream work.","test-cases/WS1-Core-Infra-DB-Deploy/TC_Phase04.1_BringComDBOfflinePROD.md"
"TC-P4.1-04","WS1","4.1","P1","PROD/HFX only","Only Windward_Commercial (COM) targeted","Correct DB","","Confirm target = Windward_Commercial (COM) => Correct DB | Confirm no unrelated DB taken offline => Scope correct","Correct single DB offlined.","test-cases/WS1-Core-Infra-DB-Deploy/TC_Phase04.1_BringComDBOfflinePROD.md"
"TC-P4.1-05","WS1","4.1","P1","PROD/HFX only","DBA confirms offline status in ticket","Hand-off outcome","","Await ticket Done w/ comment: exact offline time, status verification, issues => All present","DBA confirmation complete.","test-cases/WS1-Core-Infra-DB-Deploy/TC_Phase04.1_BringComDBOfflinePROD.md"
"TC-P4.1-06","WS1","4.1","P1","PROD/HFX only","PROD-only vs ""PROD and HFX"" / acceptance-criteria inconsistency","DOC DEFECT","Flag internal inconsistency: file name & Introduction say ""PROD ONLY"", but the H1 title and body say ""PROD and HFX"", while the Title template and Acceptance Criteria mention only ""PROD""/""PRODUCTION"".","Compare filename/Intro (""PROD ONLY""), H1 (""PROD and HFX""), Title template (""... PROD""), AC (""PRODUCTION"") => Inconsistency confirmed | Determine intended scope with DBA/architect => Clarified","Inconsistency logged as defect D-P4.1-1; scope clarified so HFX is not missed or wrongly excluded.","test-cases/WS1-Core-Infra-DB-Deploy/TC_Phase04.1_BringComDBOfflinePROD.md"
"TC-P4.1-07","WS1","4.1","P1","PROD/HFX only","Path exists if offline fails or window overruns","Rollback/contingency","","Define behavior if connections won't drain or window expires => Documented rollback/abort (bring back online, reschedule)","Contingency defined (note: playbook does not document one → potential gap).","test-cases/WS1-Core-Infra-DB-Deploy/TC_Phase04.1_BringComDBOfflinePROD.md"
"TC-P4.2-01","WS1","4.2","P1","DEV/QAR/PROD/HFX","All three databases backed up","CRITICAL — Completeness","","Confirm Config (`REF[ConfigDatabaseName]`), Payment (`REF[PaymentDatabaseName]`), Windward (`REF[WindwardDatabaseName]`) all backed up => All 3 present | Confirm DB names resolved from Env Variables (no `REF[]`, correct per client) => Correct names","All three DBs backed up with correct client-specific names.","test-cases/WS1-Core-Infra-DB-Deploy/TC_Phase04.2_BackupRestore.md"
"TC-P4.2-02","WS1","4.2","P1","DEV/QAR/PROD/HFX","Backup integrity validated & documented","CRITICAL — Integrity","","DBA validates backup integrity (e.g., RESTORE VERIFYONLY / checksum) => Pass | Backup file locations, sizes, timestamps documented in ticket => Recorded","Integrity verified and evidence documented.","test-cases/WS1-Core-Infra-DB-Deploy/TC_Phase04.2_BackupRestore.md"
"TC-P4.2-03","WS1","4.2","P1","DEV/QAR/PROD/HFX","PROD backup only after Phase 4.1 offline","Sequencing — PROD source","","Confirm PROD backup taken only after COM DB offline (Phase 4.1) => Order correct","PROD backup follows offline; consistent snapshot.","test-cases/WS1-Core-Infra-DB-Deploy/TC_Phase04.2_BackupRestore.md"
"TC-P4.2-04","WS1","4.2","P1","DEV/QAR/PROD/HFX","All three DBs restored to windward-database-server (01)","CRITICAL — Completeness","","Confirm target = `REF[windward-database-server]` (01) => Correct server | Confirm Config, Payment, Windward all restored => All 3 restored","All three restored to the correct server.","test-cases/WS1-Core-Infra-DB-Deploy/TC_Phase04.2_BackupRestore.md"
"TC-P4.2-05","WS1","4.2","P1","DEV/QAR/PROD/HFX","Integrity validated after restore","CRITICAL — Integrity post-restore","","DBA runs integrity checks (e.g., DBCC CHECKDB) => Pass, no corruption | Row counts / key objects sanity-checked vs source => Consistent","Restored DBs pass integrity and match source.","test-cases/WS1-Core-Infra-DB-Deploy/TC_Phase04.2_BackupRestore.md"
"TC-P4.2-06","WS1","4.2","P1","DEV/QAR/PROD/HFX","Permissions configured post-restore","Permissions/access","","Confirm DB permissions/access configured => Least-privilege, correct logins","Access configured correctly.","test-cases/WS1-Core-Infra-DB-Deploy/TC_Phase04.2_BackupRestore.md"
"TC-P4.2-07","WS1","4.2","P1","DEV/QAR/PROD/HFX","Connectivity verified via SSMS","SQA validation","","SQA connects via SQL Server Management Studio (per Phase 4 Step 2) => Connects successfully | Connectivity confirmed from application servers => Reachable","SQA confirms connectivity (Joshua/Keerthan; mgr Arun Pant).","test-cases/WS1-Core-Infra-DB-Deploy/TC_Phase04.2_BackupRestore.md"
"TC-P4.2-08","WS1","4.2","P1","DEV/QAR/PROD/HFX","One backup+restore cycle per env, in order","Sequential env","","DEV completed before QAR ticket; etc. through HFX => Strict order","Sequential per-env order honored across both steps.","test-cases/WS1-Core-Infra-DB-Deploy/TC_Phase04.2_BackupRestore.md"
"TC-P4.3-01","WS1","4.3","P1","DEV/QAR/PROD/HFX","Verified backup exists before shrink","CRITICAL — Safety","Because the original WW_Commercial is replaced, confirm a validated backup (Phase 4.2) exists and is restorable before any shrink.","Confirm Phase 4.2 backup COMPLETE & integrity-validated for the env => Backup present & verified | Confirm restore path is known/tested => Recoverable | Block shrink if no verified backup => Hard stop","No shrink proceeds without a verified, restorable backup. Missing = Fail (S1).","test-cases/WS1-Core-Infra-DB-Deploy/TC_Phase04.3_WWShrinkWW1.0AndConfig.md"
"TC-P4.3-02","WS1","4.3","P1","DEV/QAR/PROD/HFX","Shrink only for small/Tier-3 BUs","CRITICAL — Tier applicability gate","Playbook: shrink ""only applicable for smaller business units with limited member populations, such as SLE (Tier 3).""","Tier 3 (e.g., SLE) => Shrink **applies** | Tier 1 / Tier 2 => Shrink **does not apply** — do not run (confirm with architect)","Applicability decision matches Tier. Running shrink on a non-Tier-3 client without sign-off = Fail.","test-cases/WS1-Core-Infra-DB-Deploy/TC_Phase04.3_WWShrinkWW1.0AndConfig.md"
"TC-P4.3-03","WS1","4.3","P1","DEV/QAR/PROD/HFX","Purchaser/Parent/Sub-Group IDs correct & complete","CRITICAL — Data scoping correctness","These IDs define which data is **kept**. Errors cause kept-wrong-client or dropped-valid data.","Verify Purchaser_ID(s) from Mandy Willms/AJ match the client => Exact | Verify Parent_Group_ID(s) complete => All groups present | Verify Sub_Group_ID(s) complete (often a long comma-separated list — none omitted) => Full list, correct format | Cross-check IDs vs an independent client definition (e.g., NBI / ClientMemCount lineage) => Consistent | Confirm comma-separated formatting parses as intended => No malformed/space-broken IDs","All scoping IDs correct, complete, well-formed. Any gap = Fail (S1 — data correctness).","test-cases/WS1-Core-Infra-DB-Deploy/TC_Phase04.3_WWShrinkWW1.0AndConfig.md"
"TC-P4.3-04","WS1","4.3","P1","DEV/QAR/PROD/HFX","Verify_Shrink_Results.sql passes; no missing recent data","CRITICAL — Data integrity post-shrink","","Run `Testing/Verify_Shrink_Results.sql` (Step 2 link) => Pass per spec | Confirm reduced DB contains **only** the target client's data => No other clients' data remains | Confirm target client's data is **complete** — members, recent activity, claims not missing => Complete | Spot-check known members for the client are present => Present","Reduced DB = exactly the client's complete data, nothing extra, nothing missing.","test-cases/WS1-Core-Infra-DB-Deploy/TC_Phase04.3_WWShrinkWW1.0AndConfig.md"
"TC-P4.3-05","WS1","4.3","P1","DEV/QAR/PROD/HFX","Before/after size documented and reduction confirmed","Metrics","","DBA documents DB size before & after in Step 1 ticket => Both recorded | SQA confirms meaningful reduction per specs => Confirmed","Size reduction documented and validated.","test-cases/WS1-Core-Infra-DB-Deploy/TC_Phase04.3_WWShrinkWW1.0AndConfig.md"
"TC-P4.3-06","WS1","4.3","P1","DEV/QAR/PROD/HFX","Reduced DB reachable/usable","Connectivity","","SQA tests connectivity/accessibility post-shrink => OK","Connectivity confirmed.","test-cases/WS1-Core-Infra-DB-Deploy/TC_Phase04.3_WWShrinkWW1.0AndConfig.md"
"TC-P4.3-07","WS1","4.3","P1","DEV/QAR/PROD/HFX","Step 2 ticket linked; bugs routed to DBA","Linkage & defect flow","","Step 2 validation story linked to Step 1 (""relates to""/""validates"") => Linked | Any issue (unexpected size, missing data, errors) → bug on backlog assigned to DBA => Routed","Traceable linkage and defect routing.","test-cases/WS1-Core-Infra-DB-Deploy/TC_Phase04.3_WWShrinkWW1.0AndConfig.md"
"TC-P4.3-08","WS1","4.3","P1","DEV/QAR/PROD/HFX","Per-env order; high-level validation only","Sequential env + scope note","","Separate run+validate per env DEV→QAR→PROD→HFX => Order honored | Acknowledge validation is high-level; deep functional/data validation deferred to Phase 10 => Noted","Order honored; scope boundary understood.","test-cases/WS1-Core-Infra-DB-Deploy/TC_Phase04.3_WWShrinkWW1.0AndConfig.md"
"TC-P4.3-09","WS1","4.3","P1","DEV/QAR/PROD/HFX","Broken/incorrect prerequisite reference","DOC DEFECT","Step 1 Prereq #1 links Phase 3.3 as `Phase03.3_Infosec_IT_Intake.md`, but Phase 3.3 is **Certificates** and the InfoSec/IT-Intake content is **Phase 3.4** (`Phase03.4_Infrastructure_Security.md`).","Follow the Prereq link => Wrong/broken target confirmed","Defect D-P4.3-1 logged; correct reference should be Phase 3.4.","test-cases/WS1-Core-Infra-DB-Deploy/TC_Phase04.3_WWShrinkWW1.0AndConfig.md"
"TC-P4.5-01","WS1","4.5","P2","DEV/QAR/PROD/HFX","Replica matches source","CRITICAL — data consistency","","SQA connects to read-only server via SSMS using `REF[windward-database-read-only-server-ip]` (comma-port format) => Connects | Confirm Windward/Config/Payment DBs present and accessible => All present | Confirm replicated data matches source => Consistent","Replica complete and matching source.","test-cases/WS1-Core-Infra-DB-Deploy/TC_Phase04.5_Replication.md"
"TC-P4.5-02","WS1","4.5","P2","DEV/QAR/PROD/HFX","Distribution, publications, subscriptions configured","Replication topology","","Confirm distribution DB on distribution server => Configured | Confirm publications on source, subscriptions on read-only => Created | Confirm synchronized + low latency => Synced, minimal lag","Topology correct and synchronized.","test-cases/WS1-Core-Infra-DB-Deploy/TC_Phase04.5_Replication.md"
"TC-P4.5-03","WS1","4.5","P2","DEV/QAR/PROD/HFX","AG configured and failover tested (if applicable)","Always On AG + failover","","If AG applicable, confirm configured => Configured | Test failover scenario => Fails over cleanly | Confirm monitoring/alerts on replication => Active","AG + failover validated (or N/A documented).","test-cases/WS1-Core-Infra-DB-Deploy/TC_Phase04.5_Replication.md"
"TC-P4.5-04","WS1","4.5","P2","DEV/QAR/PROD/HFX","On-prem replication does not impact production","Performance — on-prem","","Confirm network connectivity + firewall/security groups for replication traffic => Established | Performance test: minimal impact on production DB => Acceptable | BI/reporting team confirms data matches AWS source; sample reports accurate => Validated","On-prem replication accurate with acceptable production impact.","test-cases/WS1-Core-Infra-DB-Deploy/TC_Phase04.5_Replication.md"
"TC-P4.5-05","WS1","4.5","P2","DEV/QAR/PROD/HFX","Broken next-phase link","DOC DEFECT","","""Next phase"" links Phase 5 as `Phase05_DeployWWApplications.md` (actual `Phase05_DeployWW1.0AndConfig.md`) => Broken link","Defect D-P4.5-1 logged (recurring).","test-cases/WS1-Core-Infra-DB-Deploy/TC_Phase04.5_Replication.md"
"TC-P5-01","WS1","5","P2","DEV/QAR/PROD/HFX","App reachable via Citrix/Edge on internal network","Functional — WW1.0 accessible","","Open WW1.0 URL built from `REF[windward-app-NLB-loadbalancer-https-Alias]` (verify alias value, not hardcoded) => App loads | Confirm access is internal-only (Citrix/Edge), not externally exposed => Internal-only | Daniel Hobert sanity test + executor login => Running, no errors","WW1.0 accessible and running via the correct alias on the internal network.","test-cases/WS1-Core-Infra-DB-Deploy/TC_Phase05_DeployWW1.0AndConfig.md"
"TC-P5-02","WS1","5","P2","DEV/QAR/PROD/HFX","Config reached through WW1.0 URL","Functional — Config module navigation","","From WW1.0, perform Group/Standard search => Lands on WW2.0 Group Config page | Click ""Home"" => ""Welcome to Configuration UI"" displayed","Config module reachable and rendering correctly through WW1.0.","test-cases/WS1-Core-Infra-DB-Deploy/TC_Phase05_DeployWW1.0AndConfig.md"
"TC-P5-03","WS1","5","P2","DEV/QAR/PROD/HFX","Tier-sized app/DB sustains expected load","Performance","","Drive representative member/claims navigation load for the Tier => Response times within threshold | Monitor server/DB resource use (incl. WW-Shrink-reduced DB) => Within Tier capacity","Meets performance thresholds for the Tier.","test-cases/WS1-Core-Infra-DB-Deploy/TC_Phase05_DeployWW1.0AndConfig.md"
"TC-P5-04","WS1","5","P2","DEV/QAR/PROD/HFX","Config mislabeled ""Windward 2.0""; broken cross-link from 5.2","DOC DEFECT","","Step 2 prereq calls the Config module ""Windward 2.0"" (vs title ""Config Module"") => Inconsistency confirmed | Phase 5.2 links this phase as `Phase05_DeployWWApplications.md` (actual file `Phase05_DeployWW1.0AndConfig.md`) => Broken link confirmed","Defects D-P5-1 (mislabel) and D-P5-2 (broken cross-link) logged.","test-cases/WS1-Core-Infra-DB-Deploy/TC_Phase05_DeployWW1.0AndConfig.md"
"TC-P5.1-01","WS1","5.1","P1","DEV/QAR/PROD/HFX","All three security user stories created, linked, assigned","","","US1/US2/US3 present with correct topic titles => All 3 present | Each links its infosec reference file(s); links resolve => Resolve | Assigned to InfoSec (+ Identity for US1/US2) => Correct","Three stories created, linked, assigned.","test-cases/WS1-Core-Infra-DB-Deploy/TC_Phase05.1_AppSecurity_WW1_Config.md"
"TC-P5.1-02","WS1","5.1","P1","DEV/QAR/PROD/HFX","Okta SSO + portal integration works","Functional/security — SSO","","Authenticate to WW1.0 via Okta SSO => Success | Confirm SSO app added is the **WW1.0** app => Correct app | RBAC matrix + SailPoint requestable role + AD group cross-checked by Identity Team => Consistent","SSO login + RBAC provisioning correct.","test-cases/WS1-Core-Infra-DB-Deploy/TC_Phase05.1_AppSecurity_WW1_Config.md"
"TC-P5.1-03","WS1","5.1","P1","DEV/QAR/PROD/HFX","Failed-login handling & auth-event logging","Security — auth testing","","Attempt invalid login => Proper error handling, no info leak | Confirm authentication events logged => Events captured","Failed-login handled; auth events logged (US2 sign-off).","test-cases/WS1-Core-Infra-DB-Deploy/TC_Phase05.1_AppSecurity_WW1_Config.md"
"TC-P5.1-04","WS1","5.1","P1","DEV/QAR/PROD/HFX","DLP fingerprinting on PHI","CRITICAL — PHI / ForcePoint DSS","","Confirm ODBC connection + DB fingerprint job configured against the Government Database => Configured | Confirm discovery jobs target PHI with correct client-ID distinction => Correct scope","ForcePoint DSS PHI fingerprinting correctly configured (US3).","test-cases/WS1-Core-Infra-DB-Deploy/TC_Phase05.1_AppSecurity_WW1_Config.md"
"TC-P5.1-05","WS1","5.1","P1","DEV/QAR/PROD/HFX","Missing AC; relative links; status inconsistency","DOC DEFECTS","","Note no Acceptance Criteria given (other phases have AC) => Logged | Reference links are relative `../architecture/...` (may not resolve from Jira) => Logged | Checklist all ""NOT STARTED"" vs siblings ""COMPLETE"" => Logged","Defects D-P5.1-1..3 logged.","test-cases/WS1-Core-Infra-DB-Deploy/TC_Phase05.1_AppSecurity_WW1_Config.md"
"TC-P6-01","WS1","6","P2","DEV/QAR/PROD/HFX","All four domain services ticketed and deployed","Completeness","","Confirm 4 tickets created (Member, Group/Product, Claims, Data Publisher) each with correct title + doc link => All 4 present | Confirm each deployed to all environments => Complete","All four services deployed; none missing.","test-cases/WS1-Core-Infra-DB-Deploy/TC_Phase06_DeployDomainServices.md"
"TC-P6-02","WS1","6","P2","DEV/QAR/PROD/HFX","Each service running and smoke-validated","Functional — service health","","NextGen + SQA confirm each service running => Healthy | SQA smoke test per service (note: smoke only; deep functional deferred) => Passes","All four services healthy and smoke-validated.","test-cases/WS1-Core-Infra-DB-Deploy/TC_Phase06_DeployDomainServices.md"
"TC-P6-03","WS1","6","P2","DEV/QAR/PROD/HFX","Failure handling per AJ & NextGen team","Rollback","","On failure, rollback executed => Restored","Rollback works (note ""AJ"" unidentified — defect).","test-cases/WS1-Core-Infra-DB-Deploy/TC_Phase06_DeployDomainServices.md"
"TC-P6-04","WS1","6","P2","DEV/QAR/PROD/HFX","Broken infosec prereq reference","DOC DEFECT","","Prereq ""3.1 Security setup"" → `Phase03.1_Infosec.md` (infosec is 3.4) => Broken/wrong ref","Defect D-P6-1 logged (recurring); managers TBD also noted.","test-cases/WS1-Core-Infra-DB-Deploy/TC_Phase06_DeployDomainServices.md"
"TC-P4.4-01","WS2","4.4","P1","DEV/QAR/PROD/HFX","Verified Payment DB backup before shrink","CRITICAL — Safety","","Confirm a validated, restorable Payment DB backup exists (Phase 4.2) => Present & verified | Block shrink if absent => Hard stop","No shrink without verified backup. Missing = Fail (S1).","test-cases/WS2-Payments-Oracle/TC_Phase04.4_WWShrinkPayment.md"
"TC-P4.4-02","WS2","4.4","P1","DEV/QAR/PROD/HFX","Payment shrink only for Tier-3/small BUs","CRITICAL — Tier gate","","Confirm client is Tier 3 (e.g., SLE) => Applies | Non-Tier-3 → do not run without architect sign-off => Gated","Applicability matches Tier.","test-cases/WS2-Payments-Oracle/TC_Phase04.4_WWShrinkPayment.md"
"TC-P4.4-03","WS2","4.4","P1","DEV/QAR/PROD/HFX","Payment DB name + group IDs correct/complete","CRITICAL — Scoping correctness","","Verify PaymentDatabaseName resolved correctly (no `REF[]`) => Correct | Verify Purchaser/Parent/Sub-Group IDs match the client & are complete/well-formed => Exact & complete | Confirm consistency with Phase 4.3 scoping (same client definition) => Identical IDs","Correct payment DB and identical, complete scoping IDs.","test-cases/WS2-Payments-Oracle/TC_Phase04.4_WWShrinkPayment.md"
"TC-P4.4-04","WS2","4.4","P1","DEV/QAR/PROD/HFX","Only client payment data, complete & balanced","CRITICAL — Payment integrity post-shrink","","Confirm reduced Payment DB holds only the target client's payment data => No other clients' payments | Confirm client payment records complete (no missing recent transactions) => Complete | Financial sanity checks (totals/counts vs expected) reconcile => Reconciled","Payment data correctly scoped, complete, and reconciles. Any financial discrepancy = Fail (S1).","test-cases/WS2-Payments-Oracle/TC_Phase04.4_WWShrinkPayment.md"
"TC-P4.4-05","WS2","4.4","P1","DEV/QAR/PROD/HFX","Before/after size documented; reduction confirmed","Metrics","","DBA records before/after size in Step 1 ticket => Recorded | SQA confirms reduction => Confirmed","Reduction documented and validated.","test-cases/WS2-Payments-Oracle/TC_Phase04.4_WWShrinkPayment.md"
"TC-P4.4-06","WS2","4.4","P1","DEV/QAR/PROD/HFX","Step 2 linked to Step 1; bugs → DBA","Linkage & defect flow","","Validation story linked (""relates to""/""validates"") => Linked | Issues raised as bugs to DBA => Routed","Traceable linkage and defect routing.","test-cases/WS2-Payments-Oracle/TC_Phase04.4_WWShrinkPayment.md"
"TC-P4.4-07","WS2","4.4","P1","DEV/QAR/PROD/HFX","Per-env order DEV→QAR→PROD→HFX","Sequential env","","Separate run+validate per env, in order => Honored","Order honored.","test-cases/WS2-Payments-Oracle/TC_Phase04.4_WWShrinkPayment.md"
"TC-P5.2-01","WS2","5.2","P1","DEV/QAR/PROD/HFX","Reach Payment UI via WW1.0 → Commercial BU","Functional — Payments navigation","","From WW1.0 URL, select **""Commercial""** business unit => BU selected | Navigate ""Misc Payment Transaction"" → Miscellaneous Transactions page => Page loads | Click ""Home"" → ""Welcome to Payment UI"" => Displayed","Payment module reachable; business-unit dropdown step works.","test-cases/WS2-Payments-Oracle/TC_Phase05.2_DeployWWPayments.md"
"TC-P5.2-02","WS2","5.2","P1","DEV/QAR/PROD/HFX","Correct Tier deployment file selected","CRITICAL — Tier file","","Confirm ""select appropriate tier file"" uses the Tier from Phase 1 => Correct Tier file","Correct Tier file used. Wrong tier = wrong payment deploy = Fail.","test-cases/WS2-Payments-Oracle/TC_Phase05.2_DeployWWPayments.md"
"TC-P5.2-03","WS2","5.2","P1","DEV/QAR/PROD/HFX","Core payment transaction works on reduced DB","Functional — payment integrity","","Execute a representative miscellaneous payment transaction (test data) => Processes correctly | Confirm operates against the correctly-scoped (WW-Shrink) Payment DB => Client data only","Payment transaction functions correctly against the right data.","test-cases/WS2-Payments-Oracle/TC_Phase05.2_DeployWWPayments.md"
"TC-P5.2-04","WS2","5.2","P1","DEV/QAR/PROD/HFX","Broken Phase 5 link; duplicate description link","DOC DEFECTS","","Prereqs link Phase 5 as `Phase05_DeployWWApplications.md` (actual `Phase05_DeployWW1.0AndConfig.md`) => Broken link (3×) | Description link #4 duplicates #3 (`applications-deployment-WW`) => Placeholder/wrong link","Defects D-P5.2-1/2 logged.","test-cases/WS2-Payments-Oracle/TC_Phase05.2_DeployWWPayments.md"
"TC-P5.3-01","WS2","5.3","P1","DEV/QAR/PROD/HFX","SSO app added is the Payments app, not WW1.0","CRITICAL — correct instance","","Inspect the SSO app/integration created => Targets the **Payments** instance/portal | Confirm not a copy-paste of the WW1.0 (5.1) config => Distinct, correct app","Security controls bound to the Payments instance. Wrong instance = Fail (S1).","test-cases/WS2-Payments-Oracle/TC_Phase05.3_AppSecurity_Payments.md"
"TC-P5.3-02","WS2","5.3","P1","DEV/QAR/PROD/HFX","","Security — SSO + auth on Payments","","Okta SSO login to Payments portal => Success; correct RBAC | Invalid login handled; auth events logged => Yes","Payments SSO/auth correct.","test-cases/WS2-Payments-Oracle/TC_Phase05.3_AppSecurity_Payments.md"
"TC-P5.3-03","WS2","5.3","P1","DEV/QAR/PROD/HFX","","CRITICAL — PHI / ForcePoint DSS on payments data path","","Confirm ForcePoint DSS fingerprinting covers the payments PHI/financial data path => Configured, correct client-ID","DLP covers payments data path.","test-cases/WS2-Payments-Oracle/TC_Phase05.3_AppSecurity_Payments.md"
"TC-P5.3-04","WS2","5.3","P1","DEV/QAR/PROD/HFX","Missing AC; copy-paste risk; status inconsistency","DOC DEFECTS","","No Acceptance Criteria; near-identical to 5.1; checklist ""NOT STARTED"" => Logged D-P5.3-1..2","Defects logged.","test-cases/WS2-Payments-Oracle/TC_Phase05.3_AppSecurity_Payments.md"
"TC-P7-01","WS4","7","P2","Single ticket","SSIS connection strings updated for the new tenant","CRITICAL — cross-tenant safety","","Inspect SSIS `.dtsConfig` connection strings => Point at the new tenant's DBs only | Confirm no residual pointer to another tenant/source => No cross-tenant string","All connection strings tenant-correct. A wrong string = cross-tenant data leak = Fail (S1).","test-cases/WS4-Jobs-Correspondence-Reporting/TC_Phase07_TWSJobs.md"
"TC-P7-02","WS4","7","P2","Single ticket","Business unit entries added to config tables","Config data","","Confirm BU entries added in `WindwardInterfaces` config table(s) => Present | Verify exact table name (doc hedges ""`tblClient_BU` or equivalent"") with DBA => Confirmed authoritative name","BU entries present in the correct table.","test-cases/WS4-Jobs-Correspondence-Reporting/TC_Phase07_TWSJobs.md"
"TC-P7-03","WS4","7","P2","Single ticket","FTP connections/paths for Oracle integration correct","Integration","","Confirm FTP connections and file paths configured => Correct endpoints/paths","FTP/Oracle file movement configured correctly.","test-cases/WS4-Jobs-Correspondence-Reporting/TC_Phase07_TWSJobs.md"
"TC-P7-04","WS4","7","P2","Single ticket","Automated jobs run successfully for the tenant","Functional — job execution","","Trigger/observe scheduled TWS jobs => Run, complete, correct data refresh | Verify dependency chains and restart/error handling => Behave correctly | Confirm Tier-appropriate job spec set applied => Correct set","Jobs execute correctly end-to-end.","test-cases/WS4-Jobs-Correspondence-Reporting/TC_Phase07_TWSJobs.md"
"TC-P7-05","WS4","7","P2","Single ticket","TBD owners; non-authoritative table name; status","DOC DEFECTS","","Most owners + all managers ""TBD""; checklist ""NOT STARTED""; ""`tblClient_BU` or equivalent"" => Logged D-P7-1..2","Defects logged.","test-cases/WS4-Jobs-Correspondence-Reporting/TC_Phase07_TWSJobs.md"
"TC-P9-01","WS4","9","P1","Single ticket","Connection strings point at the new tenant DB","CRITICAL — cross-tenant","","Inspect Trusted View job connection strings => New tenant DB only","No cross-tenant rebuild risk. Wrong DB = Fail (S1).","test-cases/WS4-Jobs-Correspondence-Reporting/TC_Phase09_TrustedView.md"
"TC-P9-02","WS4","9","P1","Single ticket","Jobs scheduled & refresh confirmed","Step 1 — scheduling/refresh","","Confirm jobs scheduled at appropriate intervals => Scheduled | Confirm successful execution + data refresh => Refresh confirmed | Confirm off-peak scheduling to avoid rebuild timeouts on large volumes => Off-peak","Jobs scheduled and refreshing.","test-cases/WS4-Jobs-Correspondence-Reporting/TC_Phase09_TrustedView.md"
"TC-P9-03","WS4","9","P1","Single ticket","All tables populated, counts/integrity correct","CRITICAL — Step 2 rebuild integrity","","Run rebuild stored procedures (Step 2) => Complete without error | Verify **no table left unpopulated** => All populated | Verify row counts / integrity vs business rules => Consistent","Rebuild leaves a complete, integral Trusted View. Empty/partial table = Fail (S1).","test-cases/WS4-Jobs-Correspondence-Reporting/TC_Phase09_TrustedView.md"
"TC-P9-04","WS4","9","P1","Single ticket","Step 2 only after Step 1 COMPLETE","Sequencing","","Confirm rebuild runs only after jobs configured => Order honored","Step order respected.","test-cases/WS4-Jobs-Correspondence-Reporting/TC_Phase09_TrustedView.md"
"TC-P9-05","WS4","9","P1","Single ticket","Mermaid node concat; typo; no distinctive ref link","DOC DEFECTS","","Mermaid `S7[...]S8[...]` nodes concatenated on one line => Logged | ""checksvalidation"" typo (Step 2 desc) => Logged | Only generic `/architecture` link (no Trusted View spec) => Logged","Defects D-P9-1..3 logged.","test-cases/WS4-Jobs-Correspondence-Reporting/TC_Phase09_TrustedView.md"
"TC-P6.1-01","WS5","6.1","P2","All envs (single ticket)","All environments covered despite one ticket","Env coverage — single ticket","This phase uses a single ticket (""deploy to all environments"") — verify no environment is skipped (unlike the per-env model of Phase 5).","Confirm the deployment covers DEV, QAR, PROD, HFX => All four deployed | Confirm none lost due to single-ticket model => Complete coverage","Business Service deployed to every environment.","test-cases/WS5-Member-Facing/TC_Phase06.1_DeployBusinessService.md"
"TC-P6.1-02","WS5","6.1","P2","All envs (single ticket)","Service running & validated","Functional — service health","","NextGen team + SQA confirm service running => Healthy | SQA smoke test (note: SQA does smoke only here, not full functional) => Passes","Service running and smoke-validated.","test-cases/WS5-Member-Facing/TC_Phase06.1_DeployBusinessService.md"
"TC-P6.1-03","WS5","6.1","P2","All envs (single ticket)","Rollback path exercised if deploy fails","Rollback","","On failure, ""AJ & NextGen team"" perform rollback => Service restored","Rollback works. (Note ambiguity: ""AJ"" unidentified — see defect.)","test-cases/WS5-Member-Facing/TC_Phase06.1_DeployBusinessService.md"
"TC-P6.1-04","WS5","6.1","P2","All envs (single ticket)","Inconsistent infosec prereq ref; TBD owners; unidentified ""AJ""","DOC DEFECTS","","Prereq references `Phase03.1_Infosec.md` (Phase 5 uses `Phase03.3_Infosec_IT_Intake.md`; actual infosec is 3.4) => Inconsistent ref | Manager/IT Lead = ""TBD""; rollback owner ""AJ"" lacks full name/email => Logged","Defects D-P6.1-1..2 logged.","test-cases/WS5-Member-Facing/TC_Phase06.1_DeployBusinessService.md"
"TC-P9.1-01","TBD","9.1","P2","Single ticket","Provider data synchronized completely","CRITICAL — sync correctness","","Run job; compare provider counts source vs target => Counts match; no partial sync | Spot-check known providers copied => Present and correct","Full, accurate provider sync. Partial sync = Fail.","test-cases/TBD-Cleanup-Cutover-DR-UAT/TC_Phase09.1_ProviderCopyJob.md"
"TC-P9.1-02","TBD","9.1","P2","Single ticket","Connection strings tenant-specific","Cross-tenant safety","","Inspect job connection strings => New tenant source/target only","No cross-tenant copy risk.","test-cases/TBD-Cleanup-Cutover-DR-UAT/TC_Phase09.1_ProviderCopyJob.md"
"TC-P9.1-03","TBD","9.1","P2","Single ticket","Service account permissions sufficient","Permissions","","Confirm job service account has required DB permissions => No permission errors (per Common Issues)","Job runs without permission failure.","test-cases/TBD-Cleanup-Cutover-DR-UAT/TC_Phase09.1_ProviderCopyJob.md"
"TC-P9.1-04","TBD","9.1","P2","Single ticket","Runs at appropriate intervals","Scheduling","","Confirm schedule configured => Correct interval","Scheduled correctly.","test-cases/TBD-Cleanup-Cutover-DR-UAT/TC_Phase09.1_ProviderCopyJob.md"
"TC-P9.1-05","TBD","9.1","P2","Single ticket","Embedded ""links"" are tasks; TBD managers; status","DOC DEFECTS","","Description items 3–6 are instructions, not links; managers TBD; checklist ""IN PROGRESS"" => Logged D-P9.1-1","Defect logged.","test-cases/TBD-Cleanup-Cutover-DR-UAT/TC_Phase09.1_ProviderCopyJob.md"
"TC-P9.2-01","TBD","9.2","P1","Single ticket","Snapshot/backup exists before any downsizing","CRITICAL — Safety","","Confirm EC2/EBS snapshot taken before resource removal => Snapshot exists (rollback per Common Issues) | Block changes if no snapshot => Hard stop","No downsizing without a restorable snapshot. Missing = Fail (S1).","test-cases/TBD-Cleanup-Cutover-DR-UAT/TC_Phase09.2_RemoveExtraResources.md"
"TC-P9.2-02","TBD","9.2","P1","Single ticket","EBS cannot be shrunk","CRITICAL — DOC defect / AWS limitation","Instructions/AC say ""reduce EBS volume sizes,"" but AWS EBS volumes **cannot be shrunk** (the doc's own Common-Issues table notes ""can only increase volume size""). The real method is **delete/recreate** smaller, not ""reduce.""","Confirm the approach used is delete-and-recreate (with snapshot/migration), not in-place shrink => Correct method | Flag the contradictory guidance => Logged","Correct (delete/recreate) approach used; defect D-P9.2-1 logged. Attempting in-place EBS shrink = Fail.","test-cases/TBD-Cleanup-Cutover-DR-UAT/TC_Phase09.2_RemoveExtraResources.md"
"TC-P9.2-03","TBD","9.2","P1","Single ticket","CPU/disk reduced based on CloudWatch, headroom retained","Right-sizing correctness","","Base reductions on CloudWatch utilization for the Tier => Data-driven | Confirm adequate headroom retained (not over-reduced) => Safe margin","Reductions justified by metrics with safe headroom.","test-cases/TBD-Cleanup-Cutover-DR-UAT/TC_Phase09.2_RemoveExtraResources.md"
"TC-P9.2-04","TBD","9.2","P1","Single ticket","All apps/services validated post-change against thresholds","Performance — CRITICAL","","After resizing, run performance validation across all apps/services => Within thresholds | Confirm no degradation/outage => Healthy","Performance acceptable after downsizing.","test-cases/TBD-Cleanup-Cutover-DR-UAT/TC_Phase09.2_RemoveExtraResources.md"
"TC-P9.2-05","TBD","9.2","P1","Single ticket","New configs + cost savings recorded in Env Variables","Documentation","","Update Env Variables spreadsheet with new configs => Updated | Document cost savings => Recorded","Configs + savings documented.","test-cases/TBD-Cleanup-Cutover-DR-UAT/TC_Phase09.2_RemoveExtraResources.md"
"TC-P9.2-06","TBD","9.2","P1","Single ticket","TBD owners; status","DOC DEFECTS","","All Work Assignment owners + Infra Team + manager ""TBD""; checklist ""IN PROGRESS"" => Logged D-P9.2-2","Defect logged.","test-cases/TBD-Cleanup-Cutover-DR-UAT/TC_Phase09.2_RemoveExtraResources.md"
"TC-P10-01","TBD","10","P1","PROD/HFX","Backup taken & verified before EVERY removal","CRITICAL — Safety","","For each target DB, confirm a backup is taken **before** running removal scripts => Backup exists | Confirm backup is restorable (integrity verified) => Restorable | Block removal if no verified backup => Hard stop","No deletion without a verified, restorable backup. Missing = Fail (S1).","test-cases/TBD-Cleanup-Cutover-DR-UAT/TC_Phase10_RemoveSLEData.md"
"TC-P10-02","TBD","10","P1","PROD/HFX","Tenant live on AWS + business sign-off before removal","CRITICAL — Go/no-go gate","","Confirm tenant verified live/operational on AWS => Confirmed | Confirm documented business sign-off for COM data removal => Sign-off on file | Confirm migration validated (environment testing complete) => Validated","All go/no-go gates satisfied and documented before any removal. Any missing = Fail (S1).","test-cases/TBD-Cleanup-Cutover-DR-UAT/TC_Phase10_RemoveSLEData.md"
"TC-P10-03","TBD","10","P1","PROD/HFX","Only the tenant's SLE/Selector data removed","CRITICAL — Scope correctness","","Verify Selector Type + Selector Values match the migrated tenant exactly (from Env Variables) => Exact | Confirm removal scripts target only those selectors => Scoped correctly | Confirm **no other client's** data is in scope => Isolated","Deletion strictly limited to this tenant's SLE data. Over-scope = Fail (S1, other-client data loss).","test-cases/TBD-Cleanup-Cutover-DR-UAT/TC_Phase10_RemoveSLEData.md"
"TC-P10-04","TBD","10","P1","PROD/HFX","Record counts prove correct removal","CRITICAL — Before/after validation","","Capture record counts **before** removal => Baseline recorded | Capture counts **after** removal => Recorded | Delta equals expected tenant-data volume; SLE data confirmed gone; non-tenant counts unchanged => Reconciles","Before/after counts reconcile; SLE data gone, everything else intact.","test-cases/TBD-Cleanup-Cutover-DR-UAT/TC_Phase10_RemoveSLEData.md"
"TC-P10-05","TBD","10","P1","PROD/HFX","Removal handles constraints without corruption","Integrity — FK/dependencies","","If FK constraints/dependencies block removal, follow documented resolution (remove dependents first / temporarily disable) => Clean removal | Post-removal integrity check on remaining COM data => No corruption/orphans","Constraints handled; COM remains integral.","test-cases/TBD-Cleanup-Cutover-DR-UAT/TC_Phase10_RemoveSLEData.md"
"TC-P10-06","TBD","10","P1","PROD/HFX","Steps executed in order 1→2→3→4","Sequencing","","Windward (1) → Payment (2) → Config (3) → AWS Claims Domain (4), each prior COMPLETE => Order honored","Strict step order respected.","test-cases/TBD-Cleanup-Cutover-DR-UAT/TC_Phase10_RemoveSLEData.md"
"TC-P10-07","TBD","10","P1","PROD/HFX","Removal scheduled off-peak; batched for large volumes","Performance/timing","","Confirm large-volume removals scheduled off-peak / batched (per Common Issues) => No production impact","Production unaffected during removal.","test-cases/TBD-Cleanup-Cutover-DR-UAT/TC_Phase10_RemoveSLEData.md"
"TC-P10-08","TBD","10","P1","PROD/HFX","Applicability TODO for KCL & Prebuild BU","DOC / open question","","Note the phase-top TODO: ""Double-check with Mel how relevant this activity is with KCL & Prebuild BU"" => Resolve before running for those clients | Managers ""TBD"" throughout => Logged","Applicability confirmed with Mel before execution for KCL/Prebuild; defect D-P10-1 logged.","test-cases/TBD-Cleanup-Cutover-DR-UAT/TC_Phase10_RemoveSLEData.md"
"TC-P11-01","TBD","11","P1","PROD only","Phase 10 fully complete & validated before online","CRITICAL — Gate","","Confirm all four Phase 10 removals Done & validated by DBA => Confirmed | Confirm DB integrity post-removal => Intact | Block bring-online if any Phase 10 step incomplete => Hard stop","COM brought online only after Phase 10 verified complete.","test-cases/TBD-Cleanup-Cutover-DR-UAT/TC_Phase11_BringComDBOnlinePROD.md"
"TC-P11-02","TBD","11","P1","PROD only","PROD only","Environment gating","","Confirm ticket targets PRODUCTION only => Correct | No DEV/QAR bring-online performed => None","PROD-only scope honored.","test-cases/TBD-Cleanup-Cutover-DR-UAT/TC_Phase11_BringComDBOnlinePROD.md"
"TC-P11-03","TBD","11","P1","PROD only","COM online, reachable, services running","CRITICAL — Online + connectivity","","DBA brings Windward_Commercial online => Online | Verify DB connectivity & accessibility => Reachable | Confirm SQL Server services running properly => Running | Document exact time brought online => Timestamp recorded","COM online and healthy.","test-cases/TBD-Cleanup-Cutover-DR-UAT/TC_Phase11_BringComDBOnlinePROD.md"
"TC-P11-04","TBD","11","P1","PROD only","Apps connect & operate against COM","SQA — application connectivity","","SQA validates application connectivity to COM => Apps connect | Confirm no errors post-online (monitor window) => Clean","Applications operate normally against the online COM.","test-cases/TBD-Cleanup-Cutover-DR-UAT/TC_Phase11_BringComDBOnlinePROD.md"
"TC-P11-05","TBD","11","P1","PROD only","Application teams & stakeholders notified","Comms","","Confirm app teams/stakeholders notified COM is operational => Notified","Notifications sent; business resumes.","test-cases/TBD-Cleanup-Cutover-DR-UAT/TC_Phase11_BringComDBOnlinePROD.md"
"TC-P11-06","TBD","11","P1","PROD only","Failure paths handled","Contingency — known issues","","If DB won't come online (corruption/config) → review logs, integrity, **restore from backup** if needed => Recovery path works | App connectivity / service-start / performance issues → documented resolutions applied => Resolved","Failure scenarios have working recovery (incl. restore from the Phase 10 backups).","test-cases/TBD-Cleanup-Cutover-DR-UAT/TC_Phase11_BringComDBOnlinePROD.md"
"TC-PX-01","TBD","X","P1","QAR/PROD (UAT)","No E2E start until every prior phase passes","Gate — all phases complete","","Confirm every phase 1–12 COMPLETE with its suite executed/passing (or risk-accepted) => All complete | Confirm placeholder phases (7.1–7.5, 8, 12) were authored & passed, not skipped on empty templates => Real coverage","E2E begins only when all upstream phases genuinely pass. (Gap G7 placeholders must be resolved first.)","test-cases/TBD-Cleanup-Cutover-DR-UAT/TC_PhaseX_EndToEndTest_UAT.md"
"TC-PX-02","TBD","X","P1","QAR/PROD (UAT)","Testing backlog, strategy, plan, cases in place","Feature + backlog built","","Confirm Jira **Feature** created (not Story) with correct title + Testing/Strategy links => Feature created | Confirm SQA built the testing backlog: strategy, execution plan, cases, automation (if needed) => Built","Feature + complete testing backlog exist and link to the strategy.","test-cases/TBD-Cleanup-Cutover-DR-UAT/TC_PhaseX_EndToEndTest_UAT.md"
"TC-PX-03","TBD","X","P1","QAR/PROD (UAT)","Full onboarding behaves correctly end-to-end","Functional E2E — cross-workstream","","Execute end-to-end functional flows spanning WS1–WS5: member enrollment → eligibility (WS3) → claims adjudication → payments (WS2) → correspondence/reporting (WS4) → portal/mobile access (WS5) => Correct end-to-end | Confirm data consistent across Windward, domain services, Trusted View, on-prem replicas => Consistent","Onboarded tenant works correctly across all workstreams.","test-cases/TBD-Cleanup-Cutover-DR-UAT/TC_PhaseX_EndToEndTest_UAT.md"
"TC-PX-04","TBD","X","P1","QAR/PROD (UAT)","Tenant meets performance/load targets for its Tier","Performance — acceptance","","Run load representative of the Tier's member/claims volume => Within response-time & resource thresholds | Confirm WW-Shrink-reduced DBs + right-sized infra (Phase 9.2) sustain load => Acceptable","Performance acceptance met for the Tier.","test-cases/TBD-Cleanup-Cutover-DR-UAT/TC_PhaseX_EndToEndTest_UAT.md"
"TC-PX-05","TBD","X","P1","QAR/PROD (UAT)","Business signs off","UAT — business acceptance","","Business/UAT participants validate key scenarios => Accepted | UAT results documented => Recorded","Business UAT sign-off obtained.","test-cases/TBD-Cleanup-Cutover-DR-UAT/TC_PhaseX_EndToEndTest_UAT.md"
"TC-PX-06","TBD","X","P1","QAR/PROD (UAT)","Critical/High bugs resolved before go-live","Exit gate — bug resolution","","Confirm bugs reported, tracked (dashboards), and **all critical/high resolved** => Resolved | Confirm results documented/reported via Jira => Reported","No open Critical/High defects at go-live. This is the hard exit gate.","test-cases/TBD-Cleanup-Cutover-DR-UAT/TC_PhaseX_EndToEndTest_UAT.md"
"TC-PX-07","TBD","X","P1","QAR/PROD (UAT)","""Phase 1 through Phase 13"" reference","DOC DEFECT","","Step intro says ""Phase 1 through Phase 13"" but the playbook ends at Phase 12 / Phase X => No Phase 13 exists","Defect D-PX-1 logged (off-by-one phase reference).","test-cases/TBD-Cleanup-Cutover-DR-UAT/TC_PhaseX_EndToEndTest_UAT.md"
