"Test Case ID","Work Item Type","Title","Workstream","Phase","Priority","Category/Tag","Test Step","Step Action","Step Expected Result","Suite File"
"TC-HO-01","Test Case","Correct backlog & User Story creation","Shared","Pattern","n/a","","","","","test-cases/_shared/TC_PATTERN_JiraHandoffPhase.md"
"","","","","","","","1","Open the **client-specific** Jira backlog (confirm with product owner/PM)","Correct backlog",""
"","","","","","","","2","Create a new User Story (not Task/Bug; not in a generic backlog)","Story created",""
"TC-HO-02","Test Case","Title formatted with real values, no placeholders","Shared","Pattern","n/a","CRITICAL — REF substitution","","","","test-cases/_shared/TC_PATTERN_JiraHandoffPhase.md"
"","","","","","","","1","Apply the phase's Title template","Matches exactly",""
"","","","","","","","2","Replace every `REF[...]` with the value from Env Variables ""Key"" column","All replaced",""
"","","","","","","","3","Search the story for literal ""REF[""","Zero matches",""
"TC-HO-03","Test Case","Description references the Tier from Phase 1","Shared","Pattern","n/a","Tier correctness","","","","test-cases/_shared/TC_PATTERN_JiraHandoffPhase.md"
"","","","","","","","1","Confirm the Tier cited equals the Phase 1 Env Variables Tier","Identical",""
"","","","","","","","2","Confirm the correct Tier architecture file is the one referenced","Matches Tier",""
"TC-HO-04","Test Case","All reference links valid","Shared","Pattern","n/a","Links resolve","","","","test-cases/_shared/TC_PATTERN_JiraHandoffPhase.md"
"","","","","","","","1","Follow every link in the Description (architecture folder, windward-1.0/2.0, Env Variables, phase-specific docs)","All resolve",""
"","","","","","","","2","Confirm linked docs are the intended targets","Correct targets",""
"TC-HO-05","Test Case","Acceptance Criteria matches playbook wording","Shared","Pattern","n/a","","","","","test-cases/_shared/TC_PATTERN_JiraHandoffPhase.md"
"","","","","","","","1","Enter the phase's prescribed Acceptance Criteria","Present and saved",""
"","","","","","","","2","Confirm it states the measurable done-condition","Yes",""
"TC-HO-06","Test Case","Ticket assigned to the correct specialist team","Shared","Pattern","n/a","CRITICAL — Assignment","","","","test-cases/_shared/TC_PATTERN_JiraHandoffPhase.md"
"","","","","","","","1","Assign per the phase Work Assignments","Correct team/owner",""
"","","","","","","","2","Confirm not left unassigned / wrong team","Correct",""
"TC-HO-07","Test Case","One ticket per env, DEV→QAR→PROD→HFX","Shared","Pattern","n/a","Sequential env order, where applicable","","","","test-cases/_shared/TC_PATTERN_JiraHandoffPhase.md"
"","","","","","","","1","If the phase processes per-environment, create one ticket per env","Separate tickets",""
"","","","","","","","2","Wait for each env to complete before the next","Order honored",""
"TC-HO-08","Test Case","Completion confirmed by specialist team","Shared","Pattern","n/a","Hand-off / wait-for-Done","","","","test-cases/_shared/TC_PATTERN_JiraHandoffPhase.md"
"","","","","","","","1","After assignment, monitor ticket","Specialist team updates to Done/Resolved or comments completion",""
"","","","","","","","2","Confirm the documented Output/Completion-Checklist deliverables are met","Deliverables evidenced in ticket",""
"TC-HO-09","Test Case","Phase blocked if prior-phase deliverables incomplete","Shared","Pattern","n/a","Negative — prerequisites","","","","test-cases/_shared/TC_PATTERN_JiraHandoffPhase.md"
"","","","","","","","1","Attempt the phase with an unmet prerequisite (e.g., prior phase not COMPLETE, missing access)","Cannot proceed; gap surfaced",""
"TC-P1-01","Test Case","All required Client Information fields collected","WS1","1","P1","","","","","test-cases/WS1-Core-Infra-DB-Deploy/TC_Phase01_GatherClientAndAWSAccountInfo.md"
"","","","","","","","1","Collect Tenant Name, Tenant ID, Single/Multi-Tenant, Tenant Country Code, Client Member Count","All six fields present and non-empty",""
"","","","","","","","2","Confirm each value's source matches the ""Request data from"" column","Architect/Coordinator for tenant fields; AJ's SQL or NBI for member count",""
"","","","","","","","3","Confirm values temporarily recorded (notes/email) before Step 2","Evidence exists",""
"TC-P1-02","Test Case","All required AWS Account Information fields collected","WS1","1","P1","","","","","test-cases/WS1-Core-Infra-DB-Deploy/TC_Phase01_GatherClientAndAWSAccountInfo.md"
"","","","","","","","1","Collect Cost Center (Finance — Kelly Barrero)","6-digit code obtained",""
"","","","","","","","2","Collect ATG (Architect)","ATG governance ID obtained (e.g., ATG0004932)",""
"","","","","","","","3","Collect New vs Existing IAM role decision (Cloud Infra — Erik/Lindsay)","Decision recorded",""
"TC-P1-03","Test Case","Field-format validation","WS1","1","P1","Format/Negative","","","","test-cases/WS1-Core-Infra-DB-Deploy/TC_Phase01_GatherClientAndAWSAccountInfo.md"
"","","","","","","","1","Enter Tenant ID = ""KCL"" (3 chars)","Accepted",""
"","","","","","","","2","Enter Tenant ID = ""KC"" or ""KCLM""","Rejected — must be exactly 3 chars",""
"","","","","","","","3","Enter Tenant ID equal to an existing tenant's ID","Rejected — must be unique across all tenants",""
"","","","","","","","4","Enter Cost Center = ""12AB56"" or ""1234""","Rejected — must be 6 digits",""
"","","","","","","","5","Enter Country Code = ""USA""","Rejected — expected short code ""us""/""ca""",""
"TC-P1-04","Test Case","Existing vs New client member-count path","WS1","1","P1","Decision table","","","","test-cases/WS1-Core-Infra-DB-Deploy/TC_Phase01_GatherClientAndAWSAccountInfo.md"
"","","","","","","","1","Client exists in Windward → run `ClientMemCount.sql` on PROD","Count obtained via SQL (see `TC_SQL_ClientMemCount`)",""
"","","","","","","","2","Client NOT yet in Windward → NBI process","Flagged as gap G1 (NBI = TBD); onboarding blocked until NBI defined",""
"TC-P1-05","Test Case","Member count produced by authorized US-based operator","WS1","1","P1","Security","","","","test-cases/WS1-Core-Infra-DB-Deploy/TC_Phase01_GatherClientAndAWSAccountInfo.md"
"","","","","","","","1","Identify who ran the PROD count","A US-based team member with authorized PROD/PHI access",""
"","","","","","","","2","Attempt to source count from a non-US / unauthorized operator","Rejected / not permitted",""
"TC-P1-06","Test Case","Tab copy & filter procedure","WS1","1","P1","","","","","test-cases/WS1-Core-Infra-DB-Deploy/TC_Phase01_GatherClientAndAWSAccountInfo.md"
"","","","","","","","1","Copy `Master_Sheet` tab in Environment Variables workbook","New tab created",""
"","","","","","","","2","Rename tab to client name (e.g., ""Client X"")","Tab renamed",""
"","","","","","","","3","Filter Col H = Phase 1, Col G = Manual","Only Phase 1 Manual rows shown",""
"","","","","","","","4","Clear existing Col C values on those rows","Manual cells emptied, ready for input",""
"TC-P1-07","Test Case","Tier derived correctly at every boundary","WS1","1","P1","Boundary — Tier calculation, CRITICAL","","","","test-cases/WS1-Core-Infra-DB-Deploy/TC_Phase01_GatherClientAndAWSAccountInfo.md"
"","","","","","","","1","0 (B-5)","Tier 3",""
"","","","","","","","2","99,999 (B-1)","Tier 3",""
"","","","","","","","3","100,000 (B-2)","Tier 2",""
"","","","","","","","4","250,000 (C-MID)","Tier 2",""
"","","","","","","","5","999,999 (B-3)","Tier 2",""
"","","","","","","","6","1,000,000 (B-4)","Tier 1",""
"","","","","","","","7","1,500,000 (C-HIGH)","Tier 1",""
"","","","","","","","8","15,172 (C-LOW)","Tier 3",""
"TC-P1-08","Test Case","All Manual Phase-1 fields entered in Column C","WS1","1","P1","","","","","test-cases/WS1-Core-Infra-DB-Deploy/TC_Phase01_GatherClientAndAWSAccountInfo.md"
"","","","","","","","1","Inspect Col C for each Manual row","All nine values present, none left blank",""
"","","","","","","","2","Cross-check each value vs Step 1 collected data","Exact match",""
"TC-P1-09","Test Case","Spreadsheet values match stakeholder source exactly","WS1","1","P1","Data validation","","","","test-cases/WS1-Core-Infra-DB-Deploy/TC_Phase01_GatherClientAndAWSAccountInfo.md"
"","","","","","","","1","Compare each Col C value to the recorded stakeholder value","Character-for-character match",""
"","","","","","","","2","Compare formats to Step 1 rules","All formats valid",""
"TC-P1-10","Test Case","Two operators, same client → identical Tier & values","WS1","1","P1","Repeatability","","","","test-cases/WS1-Core-Infra-DB-Deploy/TC_Phase01_GatherClientAndAWSAccountInfo.md"
"","","","","","","","1","Operator A and Operator B independently complete Phase 1 for C-MID","Same Member Count, same Tier 2, same field values",""
"TC-P1-11","Test Case","Links, references, and glossary consistency","WS1","1","P1","","","","","test-cases/WS1-Core-Infra-DB-Deploy/TC_Phase01_GatherClientAndAWSAccountInfo.md"
"","","","","","","","1","Follow every `[...](...)` link in Phase 1","All resolve (Introduction, Glossary, ClientMemCount.sql, Env Variables)",""
"","","","","","","","2","Confirm every defined term (Tenant, Tier, Single/Multi-Tenant, etc.) exists in Glossary","All present and non-contradictory",""
"","","","","","","","3","Confirm Completion Checklist items map to Steps 1–2 outputs","Each deliverable traceable",""
"TC-SQL-01","Test Case","Golden client returns verified count","WS1","SQL","P1","CRITICAL — Accuracy","","","","test-cases/WS1-Core-Infra-DB-Deploy/TC_SQL_ClientMemCount.md"
"","","","","","","","1","Set `purchaser_gid = <GOLD>`; run on PROD","Executes without error",""
"","","","","","","","2","`SELECT COUNT(*) FROM #temp_member_search`","Equals GOLD expected count",""
"","","","","","","","3","Compare to independent source (NBI/prior audit)","Match within agreed tolerance (ideally exact)",""
"TC-SQL-02","Test Case","No duplicate members inflate the count","WS1","SQL","P1","Distinctness","","","","test-cases/WS1-Core-Infra-DB-Deploy/TC_SQL_ClientMemCount.md"
"","","","","","","","1","`SELECT COUNT(*) , COUNT(DISTINCT contact_relation_gid) FROM #temp_member_search`","Both equal",""
"","","","","","","","2","Confirm `GROUP BY cm.contact_relation_gid` collapses multi-coverage members","One row per member",""
"TC-SQL-03","Test Case","Total vs Active count clarified","WS1","SQL","P1","CRITICAL — Definition gap G2","","","","test-cases/WS1-Core-Infra-DB-Deploy/TC_SQL_ClientMemCount.md"
"","","","","","","","1","Determine semantics of `record_status='A'`","'A' = row is active/not-deleted, NOT member coverage status",""
"","","","","","","","2","Check whether termed (coverage-ended) members are included","Per header intent, termed-but-resident members SHOULD be counted",""
"","","","","","","","3","Confirm whether a separate ""active members"" figure exists","If none → **defect**: query provides total only; ""active count"" undefined",""
"TC-SQL-04","Test Case","Termed members are counted","WS1","SQL","P1","Inactive inclusion","","","","test-cases/WS1-Core-Infra-DB-Deploy/TC_SQL_ClientMemCount.md"
"","","","","","","","1","Run for TERMED profile (members termed but data resident)","Count > 0",""
"","","","","","","","2","Cross-check a known termed member appears in `#temp_member_search`","Present",""
"TC-SQL-05","Test Case","Count feeds correct Tier","WS1","SQL","P1","Boundary → Tier handoff","","","","test-cases/WS1-Core-Infra-DB-Deploy/TC_SQL_ClientMemCount.md"
"","","","","","","","1","Take query count and apply Tier rule",">=1M→T1, >=100K→T2, <100K→T3",""
"","","","","","","","2","Verify count near a Tier boundary classifies correctly","Correct Tier",""
"TC-SQL-06","Test Case","Nonexistent purchaser_gid","WS1","SQL","P1","Negative","","","","test-cases/WS1-Core-Infra-DB-Deploy/TC_SQL_ClientMemCount.md"
"","","","","","","","1","Set `purchaser_gid = 999999999`; run","0 rows; no error",""
"","","","","","","","2","Operator interprets 0 correctly","Recognized as ""no members / wrong gid"", not Tier 3 by default",""
"TC-SQL-07","Test Case","Read-only, no side effects","WS1","SQL","P1","Safety / non-destructive","","","","test-cases/WS1-Core-Infra-DB-Deploy/TC_SQL_ClientMemCount.md"
"","","","","","","","1","Review statements","Only `DROP TABLE IF EXISTS #temp_member_search` (session temp) + `SELECT ... INTO #temp`",""
"","","","","","","","2","Confirm `#temp_member_search` is session-scoped (single `#`)","Yes — no global/permanent table impact",""
"","","","","","","","3","Run with read-only credentials","Succeeds; no write to base tables",""
"TC-SQL-08","Test Case","Re-run yields identical count","WS1","SQL","P1","Repeatability","","","","test-cases/WS1-Core-Infra-DB-Deploy/TC_SQL_ClientMemCount.md"
"","","","","","","","1","Run twice in succession for GOLD","Identical counts (barring real-time enrollment changes)",""
"","","","","","","","2","Confirm `DROP TABLE IF EXISTS` makes the script safely re-runnable in one session","No ""object exists"" error on re-run",""
"TC-SQL-09","Test Case","Instructions are followable","WS1","SQL","P1","Usability/Doc","","","","test-cases/WS1-Core-Infra-DB-Deploy/TC_SQL_ClientMemCount.md"
"","","","","","","","1","Follow header instructions (replace gid, run on PROD, new-client note)","Clear and sufficient",""
"","","","","","","","2","Note: header says ""Replace 'purchaser_gid'"" but code hardcodes `p.purchaser_gid = 86319`","**Defect**: instruction/code mismatch — the literal to replace is the numeric value, not a placeholder named `purchaser_gid`",""
"TC-SQL-10","Test Case","Runs within acceptable window on PROD","WS1","SQL","P1","Performance sanity","","","","test-cases/WS1-Core-Infra-DB-Deploy/TC_SQL_ClientMemCount.md"
"","","","","","","","1","Time execution for a large (Tier 1) client","Completes within agreed window; no PROD impact",""
"","","","","","","","2","Confirm no table locks/blocking on base tables","Read-only, minimal footprint",""
"TC-P2-01","Test Case","ServiceNow navigation path is correct","WS1","2","P2","","","","","test-cases/WS1-Core-Infra-DB-Deploy/TC_Phase02_RequestAWSAccounts.md"
"","","","","","","","1","Service Catalog → ""Are you requesting something new?"" → Infrastructure Request","Form opens",""
"","","","","","","","2","Type of Request = ""Cloud Request""","Selected",""
"","","","","","","","3","Cloud Provider = ""AWS""","Selected",""
"","","","","","","","4","Short Description = ""AWS Accounts Request""","Entered",""
"TC-P2-02","Test Case","All REF[] placeholders replaced with Env Variables values","WS1","2","P2","CRITICAL — Data","","","","test-cases/WS1-Core-Infra-DB-Deploy/TC_Phase02_RequestAWSAccounts.md"
"","","","","","","","1","Paste the 11-row request table into Additional Comments","Table present",""
"","","","","","","","2","Replace each REF[] (AWS Accounts, Cost Center, Environment, Environment Prefix, Primary Owner, Secondary Owner, Support Group, Account Type, Application (CMDB), ATG, New/Existing role)","All replaced",""
"","","","","","","","3","Search the comment for the literal string ""REF[""","Zero matches",""
"TC-P2-03","Test Case","AWS Accounts / Environment / Environment Prefix expanded as separate columns","WS1","2","P2","Multi-value fields","","","","test-cases/WS1-Core-Infra-DB-Deploy/TC_Phase02_RequestAWSAccounts.md"
"","","","","","","","1","Identify DEV/QAR/PROD/HFX values for AWS Accounts, Environment, Environment Prefix","All values listed",""
"","","","","","","","2","Render each as its own column in the request table","Matches `aws-account-request-details.png` example",""
"TC-P2-04","Test Case","Ticket content matches Env Variables exactly","WS1","2","P2","Data validation","","","","test-cases/WS1-Core-Infra-DB-Deploy/TC_Phase02_RequestAWSAccounts.md"
"","","","","","","","1","Compare each ticket value to spreadsheet Column C–F","Character-for-character match",""
"","","","","","","","2","Confirm no extra/missing fields","All 11 keys present",""
"TC-P2-05","Test Case","Ticket submitted and routed to Cloud Infra","WS1","2","P2","","","","","test-cases/WS1-Core-Infra-DB-Deploy/TC_Phase02_RequestAWSAccounts.md"
"","","","","","","","1","Click ""Order Now""","Ticket created with a number",""
"","","","","","","","2","Confirm work routes to Cloud Infra (Erik / mgr Kenneth Holton)","Assignment correct",""
"","","","","","","","3","Record ticket number for Phase 2.1 reference","Captured",""
"TC-P2-06","Test Case","Phase 1 incomplete blocks Phase 2","WS1","2","P2","Negative","","","","test-cases/WS1-Core-Infra-DB-Deploy/TC_Phase02_RequestAWSAccounts.md"
"","","","","","","","1","Attempt Phase 2 with missing/blank Env Variables values","Cannot complete — REF[] values unavailable",""
"TC-P2-07","Test Case","Accounts created and documented post-resolution","WS1","2","P2","Handoff outcome","","","","test-cases/WS1-Core-Infra-DB-Deploy/TC_Phase02_RequestAWSAccounts.md"
"","","","","","","","1","After ticket Resolved, check Env Variables Column A filtered to ""AWS Account""","Account ID & IAM Role populated for all envs",""
"","","","","","","","2","Confirm accounts exist in AWS","Validated in Phase 2.1",""
"TC-P2-08","Test Case","Links, image, and Jira-vs-ServiceNow note","WS1","2","P2","Static","","","","test-cases/WS1-Core-Infra-DB-Deploy/TC_Phase02_RequestAWSAccounts.md"
"","","","","","","","1","Confirm `aws-account-request-details.png` present","Exists",""
"","","","","","","","2","Follow Env Variables link","Resolves",""
"","","","","","","","3","Note: playbook states ServiceNow is preferred over Jira going forward","Operator uses ServiceNow (not the legacy Jira backlog)",""
"TC-P2.1-01","Test Case","SailPoint request for ""AWS Development"" role","WS1","2.1","P2","","","","","test-cases/WS1-Core-Infra-DB-Deploy/TC_Phase02.1_TestAWSAccounts.md"
"","","","","","","","1","Open DQ SailPoint (Okta tile) → Request Center","Request Center loads",""
"","","","","","","","2","Search ""AWS Development"" role","Role found",""
"","","","","","","","3","Add comment with Tenant Name + Phase 2 ticket number/link","Comment saved",""
"","","","","","","","4","Submit request","Request submitted; pending approval",""
"TC-P2.1-02","Test Case","Wrong/ambiguous role selection is caught","WS1","2.1","P2","Negative","","","","test-cases/WS1-Core-Infra-DB-Deploy/TC_Phase02.1_TestAWSAccounts.md"
"","","","","","","","1","Search roles; observe unclear names","Ambiguity reproduced",""
"","","","","","","","2","Escalate to InfoSec (Jamie Smith) per documented resolution","""AWS Development"" confirmed as correct role",""
"TC-P2.1-03","Test Case","Login to AWS landing account via Okta Federation","WS1","2.1","P2","","","","","test-cases/WS1-Core-Infra-DB-Deploy/TC_Phase02.1_TestAWSAccounts.md"
"","","","","","","","1","After approval, open Okta → AWS Account Federation tile","Lands in default/landing account (NOT client account)",""
"","","","","","","","2","Confirm dev/qar/stage roles visible","Roles listed",""
"","","","","","","","3","Select a role (e.g., aws-oktaSSO-windward-devrole) → Sign in","AWS Console Home loads",""
"TC-P2.1-04","Test Case","PROD account may require separate InfoSec request","WS1","2.1","P2","Negative","","","","test-cases/WS1-Core-Infra-DB-Deploy/TC_Phase02.1_TestAWSAccounts.md"
"","","","","","","","1","Attempt to reach PROD role from landing page","If absent, operator contacts InfoSec for separate PROD account",""
"TC-P2.1-05","Test Case","Region pinned to us-east-1 before any action","WS1","2.1","P2","CRITICAL","","","","test-cases/WS1-Core-Infra-DB-Deploy/TC_Phase02.1_TestAWSAccounts.md"
"","","","","","","","1","Check region selector","Shows us-east-1 (or operator switches to it)",""
"","","","","","","","2","Proceed only after region confirmed","All subsequent validation in us-east-1",""
"TC-P2.1-06","Test Case","Switch Role into the client account","WS1","2.1","P2","","","","","test-cases/WS1-Core-Infra-DB-Deploy/TC_Phase02.1_TestAWSAccounts.md"
"","","","","","","","1","Top-right account dropdown → Switch Role","Switch Role form opens",""
"","","","","","","","2","Paste Account ID + IAM role from Env Variables for the target env","Values entered; optional fields blank",""
"","","","","","","","3","Click Switch Role","Top-right shows new client account name + ID",""
"TC-P2.1-07","Test Case","Account naming convention matches Env Variables","WS1","2.1","P2","Data/Naming validation, CRITICAL","","","","test-cases/WS1-Core-Infra-DB-Deploy/TC_Phase02.1_TestAWSAccounts.md"
"","","","","","","","1","Read account name shown in AWS top-right","Matches the expected generated name in Env Variables",""
"","","","","","","","2","Confirm Account ID = 12 digits and matches spreadsheet","Exact match",""
"","","","","","","","3","Confirm IAM role name matches the env (devrole/qarrole/etc.)","Exact match",""
"TC-P2.1-08","Test Case","Validate ALL environments (DEV, QAR, PROD, HFX)","WS1","2.1","P2","","","","","test-cases/WS1-Core-Infra-DB-Deploy/TC_Phase02.1_TestAWSAccounts.md"
"","","","","","","","1","For each of DEV, QAR, PROD, HFX: close console, re-open Federation tile, pick the env role, sign in","Lands in correct env landing",""
"","","","","","","","2","Repeat region check + switch role + naming validation (TC-05..07)","Each env validated",""
"","","","","","","","3","Confirm none missing","All four accounts exist & valid",""
"TC-P2.1-09","Test Case","Missing or mis-named account is detected and routed","WS1","2.1","P2","Negative","","","","test-cases/WS1-Core-Infra-DB-Deploy/TC_Phase02.1_TestAWSAccounts.md"
"","","","","","","","1","Encounter a missing account or wrong naming","Detected during validation",""
"","","","","","","","2","Follow documented escalation","Contact Cloud Infra (Erik/Lindsay) or InfoSec (Jamie Smith)",""
"TC-P2.1-10","Test Case","Screenshots & links present and current","WS1","2.1","P2","","","","","test-cases/WS1-Core-Infra-DB-Deploy/TC_Phase02.1_TestAWSAccounts.md"
"","","","","","","","1","Confirm referenced images exist (aws-landing, console-home-page, us-east-1, switch-role-dropdown, accountid-iamrole, switch-success-2, account-confirm, aws-landing-qar)","All present",""
"","","","","","","","2","Follow Phase 2 / Env Variables links","Resolve correctly",""
"TC-P3-01","Test Case","User Story created with correct title, Tier-referenced description, links","WS1","3","P2","","","","","test-cases/WS1-Core-Infra-DB-Deploy/TC_Phase03_Infrastructure.md"
"","","","","","","","1","Create story in the client's Jira backlog","Story created",""
"","","","","","","","2","Title = ""Tenant AWS Provisioning - <Tenant Name>"" (from Env Variables)","Exact format, real tenant name (no `REF[]`)",""
"","","","","","","","3","Description references **Tier from Phase 1** and links: architecture folder, windward-1.0, windward-2.0, Env Variables, Costing.xls","All present and resolve",""
"","","","","","","","4","Acceptance Criteria matches playbook wording (server setup complete, names/IPs documented, validated)","Present",""
"","","","","","","","5","Assign to Cloud Infra (Erik / mgr David DiPerna)","Assigned",""
"TC-P3-02","Test Case","Wrong Tier referenced → wrong architecture sizing","WS1","3","P2","Negative","","","","test-cases/WS1-Core-Infra-DB-Deploy/TC_Phase03_Infrastructure.md"
"","","","","","","","1","Cross-check Tier in ticket vs Phase 1 Env Variables","Identical",""
"","","","","","","","2","Inject a mismatched Tier (e.g., Tier 2 for a Tier 3 client)","Caught in review before assignment",""
"TC-P3-03","Test Case","Validate per environment in DEV→QAR→PROD→HFX order","WS1","3","P2","Sequential order","","","","test-cases/WS1-Core-Infra-DB-Deploy/TC_Phase03_Infrastructure.md"
"","","","","","","","1","Validate DEV first","DEV validated before QAR appears",""
"","","","","","","","2","Proceed only after each env approved","Order preserved through HFX",""
"TC-P3-04","Test Case","All servers exist with correct naming per Env Variables","WS1","3","P2","CRITICAL — Naming","","","","test-cases/WS1-Core-Infra-DB-Deploy/TC_Phase03_Infrastructure.md"
"","","","","","","","1","AWS Console → EC2 → Instances (running)","Instance list loads",""
"","","","","","","","2","Compare running instances to the expected server list for the Tier (architecture + Env Variables tab)","Every expected server present",""
"","","","","","","","3","Verify each server name matches the naming convention exactly","All match",""
"","","","","","","","4","Confirm no missing and no unexpected extra servers","Set matches expected",""
"TC-P3-05","Test Case","Server names & IPs documented in Env Variables by Cloud Infra","WS1","3","P2","","","","","test-cases/WS1-Core-Infra-DB-Deploy/TC_Phase03_Infrastructure.md"
"","","","","","","","1","Open client tab in Env Variables","Server names + IPs populated",""
"","","","","","","","2","Cross-check against AWS console","Consistent",""
"TC-P3-06","Test Case","Missing component / wrong naming is logged and escalated","WS1","3","P2","Negative","","","","test-cases/WS1-Core-Infra-DB-Deploy/TC_Phase03_Infrastructure.md"
"","","","","","","","1","Encounter missing/misnamed server","Logged as issue",""
"","","","","","","","2","Escalate to Cloud Infra (Erik/Lindsay)","Routed correctly",""
"TC-P3-07","Test Case","Incomplete ""Connect to AWS server"" step","WS1","3","P2","Documentation defect","","","","test-cases/WS1-Core-Infra-DB-Deploy/TC_Phase03_Infrastructure.md"
"","","","","","","","1","Attempt to follow Step 2.3.d","No instructions present → cannot execute",""
"TC-P3.1-01","Test Case","Kerberos architecture documentation link is present and correct","WS1","3.1","P3","","","","","test-cases/WS1-Core-Infra-DB-Deploy/TC_Phase03.1_KerberosSetup.md"
"","","","","","","","1","Confirm Description includes the `/architecture/kerberos-setup` link (not just generic arch)","Present & resolves",""
"TC-P3.1-02","Test Case","Kerberos configured AND validated by Kerberos Team","WS1","3.1","P3","Hand-off outcome","","","","test-cases/WS1-Core-Infra-DB-Deploy/TC_Phase03.1_KerberosSetup.md"
"","","","","","","","1","Await Jira ticket → Done or completion comment","Kerberos Team confirms configured + validated",""
"","","","","","","","2","Confirm all three Outputs evidenced (ticket w/ link & assignment; configured; validated)","Yes",""
"TC-P3.2-01","Test Case","LB, alias, and listener details documented in Env Variables","WS1","3.2","P3","Data","","","","test-cases/WS1-Core-Infra-DB-Deploy/TC_Phase03.2_LoadBalancers.md"
"","","","","","","","1","After setup, inspect client tab for load balancer, alias, listener entries","All present, accurate, complete",""
"","","","","","","","2","Both Infra and App & Network teams confirm sufficiency for Phase 3.3","Confirmed",""
"TC-P3.2-02","Test Case","DNS CNAME configured for ALL servers and load balancers","WS1","3.2","P3","CRITICAL","","","","test-cases/WS1-Core-Infra-DB-Deploy/TC_Phase03.2_LoadBalancers.md"
"","","","","","","","1","Enumerate every server + LB requiring an alias","Complete list",""
"","","","","","","","2","Confirm a CNAME exists and resolves for each","All resolve to correct target",""
"","","","","","","","3","Confirm branded/user-friendly names map correctly (not raw AWS endpoints)","Correct mapping",""
"TC-P3.2-03","Test Case","DNS change connectivity issue is handled","WS1","3.2","P3","Negative / rollback","","","","test-cases/WS1-Core-Infra-DB-Deploy/TC_Phase03.2_LoadBalancers.md"
"","","","","","","","1","Simulate/observe a bad CNAME or timing issue","Connectivity issue detected",""
"","","","","","","","2","App & Network Team investigates and rolls back if needed","Rollback path works (per Common Issues)",""
"TC-P3.2-04","Test Case","DNS CNAME change submitted via ServiceNow","WS1","3.2","P3","Change control","","","","test-cases/WS1-Core-Infra-DB-Deploy/TC_Phase03.2_LoadBalancers.md"
"","","","","","","","1","Confirm DNS CNAME change went through a ServiceNow Change Request","CR exists; approver = Steven DePietro",""
"TC-P3.3-01","Test Case","Cert work blocked until LB/alias details confirmed","WS1","3.3","P2","Dependency gate","","","","test-cases/WS1-Core-Infra-DB-Deploy/TC_Phase03.3_Certificates.md"
"","","","","","","","1","Attempt cert setup with LB/alias details missing/incomplete","Blocked — prerequisite not met",""
"","","","","","","","2","Proceed only after both teams confirm Phase 3.2 output sufficient","Allowed",""
"TC-P3.3-02","Test Case","Certificates valid, trusted, and correctly bound","WS1","3.3","P2","CRITICAL — Security","","","","test-cases/WS1-Core-Infra-DB-Deploy/TC_Phase03.3_Certificates.md"
"","","","","","","","1","After application, browse each HTTPS endpoint / inspect cert","Valid chain, trusted CA, not expired",""
"","","","","","","","2","Confirm CN/SAN matches the DNS alias/hostname","Match (no name mismatch)",""
"","","","","","","","3","Confirm cert applied to all servers and load balancers in scope","All covered",""
"","","","","","","","4","Confirm HTTPS/TLS negotiated (encrypted in transit)","Secure connection established",""
"TC-P3.3-03","Test Case","CSR & renewal process documented/followed","WS1","3.3","P2","","","","","test-cases/WS1-Core-Infra-DB-Deploy/TC_Phase03.3_Certificates.md"
"","","","","","","","1","Confirm CSR generated per documented steps (PowerShell script) and ServiceNow request used to attach","Followed",""
"","","","","","","","2","Confirm renewal/expiry tracking exists","Renewal plan documented (avoids future outage)",""
"TC-P3.4-01","Test Case","IT Intake submitted only when required","WS1","3.4","P1","CRITICAL — Decision table","","","","test-cases/WS1-Core-Infra-DB-Deploy/TC_Phase03.4_Infrastructure_Security.md"
"","","","","","","","1","New project; InfoSec not yet engaged","**Submit** IT Intake",""
"","","","","","","","2","Project restarted after a multi-month pause; resources may be re-assigned","**Submit** IT Intake (re-allocate)",""
"","","","","","","","3","Project active; InfoSec currently allocated & engaged","**Skip** to Step 2",""
"","","","","","","","4","New client within a running project, no InfoSec gap","**Skip** to Step 2",""
"TC-P3.4-02","Test Case","IT Intake form completed correctly (when submitted)","WS1","3.4","P1","","","","","test-cases/WS1-Core-Infra-DB-Deploy/TC_Phase03.4_Infrastructure_Security.md"
"","","","","","","","1","Initiative Type = ""Project""","Selected",""
"","","","","","","","2","Subject = ""InfoSec Security Controls Setup - <Tenant Name>"" (real name, no `REF[]`)","Correct",""
"","","","","","","","3","Reported By + email completed","Present",""
"","","","","","","","4","Additional Details include Env Variables + InfoSec Requirements links","Both resolve",""
"","","","","","","","5","Submit; capture ticket number","Number saved/tracked",""
"","","","","","","","6","Notify InfoSec team with ticket number (email/Teams)","Notification sent",""
"TC-P3.4-03","Test Case","Server/IP/LB details present before intake","WS1","3.4","P1","Prereq data","","","","test-cases/WS1-Core-Infra-DB-Deploy/TC_Phase03.4_Infrastructure_Security.md"
"","","","","","","","1","Confirm Env Variables has servers, IPs, load balancers, components","Complete",""
"","","","","","","","2","If missing → contact Cloud Infra before submitting","Gap routed",""
"TC-P3.4-04","Test Case","Step 2 performed for EVERY client regardless of Step 1","WS1","3.4","P1","CRITICAL","","","","test-cases/WS1-Core-Infra-DB-Deploy/TC_Phase03.4_Infrastructure_Security.md"
"","","","","","","","1","Confirm Step 2 executed even when Step 1 was skipped","Always done",""
"TC-P3.4-05","Test Case","All 5 security user stories created with correct titles, references, assignment","WS1","3.4","P1","","","","","test-cases/WS1-Core-Infra-DB-Deploy/TC_Phase03.4_Infrastructure_Security.md"
"","","","","","","","1","AWS Server Setup - <Tenant ID>","`aws-server-setup.md`",""
"","","","","","","","2","Create Access Roles - <Tenant ID>","`aws-server-setup.md`, `windward-okta-sso-integration.md`",""
"","","","","","","","3","Kerberos / AD Prerequisites (OAG) - <Tenant ID>","`oag-instructions.md`",""
"","","","","","","","4","Security Control Validations - <Tenant ID>","`security-controls-validation.md`",""
"","","","","","","","5","ForcePoint DSS Server Provisioning - <Tenant ID> *(requires PHI-ready servers)*","`forcepoint-dss-fingerprinting.md`",""
"TC-P3.4-06","Test Case","ForcePoint DSS requires PHI-ready servers","WS1","3.4","P1","Sequencing — US5 PHI gate","","","","test-cases/WS1-Core-Infra-DB-Deploy/TC_Phase03.4_Infrastructure_Security.md"
"","","","","","","","1","Confirm US5 is gated on PHI-ready servers","Not executed before servers PHI-ready",""
"TC-P3.4-07","Test Case","Security controls deployed & validated by InfoSec","WS1","3.4","P1","Hand-off outcome","","","","test-cases/WS1-Core-Infra-DB-Deploy/TC_Phase03.4_Infrastructure_Security.md"
"","","","","","","","1","Await InfoSec confirmation (email/Teams)","Controls deployed & validated",""
"","","","","","","","2","Confirm all backlog stories/tasks closed","Closed",""
"TC-P3.4-08","Test Case","If Step 1 applied, it must be COMPLETE before Step 2 closure","WS1","3.4","P1","Negative — prereq","","","","test-cases/WS1-Core-Infra-DB-Deploy/TC_Phase03.4_Infrastructure_Security.md"
"","","","","","","","1","Where Step 1 applied, verify intake submitted & InfoSec notified before relying on Step 2 execution","Enforced",""
"TC-P4-01","Test Case","Databases created/sized per Tier architecture","WS1","4","P1","Tier — DB config","","","","test-cases/WS1-Core-Infra-DB-Deploy/TC_Phase04_SetupDBs.md"
"","","","","","","","1","Confirm DB names/sizes/configs follow the Tier-appropriate database-tier spec","Matches Tier",""
"","","","","","","","2","Confirm details documented in Env Variables","Recorded",""
"TC-P4-02","Test Case","Connect using comma-port format","WS1","4","P1","SQA validation — connectivity via SSMS","","","","test-cases/WS1-Core-Infra-DB-Deploy/TC_Phase04_SetupDBs.md"
"","","","","","","","1","Add credential in Windows Credential Manager: `REF[windward-database-server-ip]:1437` + DQ creds","Saved",""
"","","","","","","","2","SSMS → Connect to Server: `REF[windward-database-server-ip],1437` (**comma, not colon**) + Windows Auth","Connects (wait 30–60s)",""
"","","","","","","","3","Expand Databases; confirm all expected DBs present/accessible","All visible",""
"TC-P4-03","Test Case","Colon-before-port causes failure","WS1","4","P1","Negative — known issue","","","","test-cases/WS1-Core-Infra-DB-Deploy/TC_Phase04_SetupDBs.md"
"","","","","","","","1","Attempt `IP:1437` (colon)","Connection error (reproduces Common Issue)",""
"","","","","","","","2","Switch to `IP,1437` (comma)","Connects",""
"TC-P4-04","Test Case","DEV validated before QAR, then PROD","WS1","4","P1","Sequential env","","","","test-cases/WS1-Core-Infra-DB-Deploy/TC_Phase04_SetupDBs.md"
"","","","","","","","1","Validate DEV first; QAR configured after DEV approved","Order honored (note: doc lists DEV→QAR→Prod; confirm HFX handling)",""
"TC-P4-05","Test Case","Broken infosec prereq reference","WS1","4","P1","DOC DEFECT","","","","test-cases/WS1-Core-Infra-DB-Deploy/TC_Phase04_SetupDBs.md"
"","","","","","","","1","Follow ""Phase 3.1 Security setup"" → `Phase03.1_Infosec.md` (infosec is Phase 3.4; 3.1 is Kerberos)","Broken/wrong ref",""
"TC-P4.1-01","Test Case","Operation restricted to PROD/HFX only","WS1","4.1","P1","CRITICAL — Environment gating","","","","test-cases/WS1-Core-Infra-DB-Deploy/TC_Phase04.1_BringComDBOfflinePROD.md"
"","","","","","","","1","Confirm ticket targets PROD (or HFX)","Correct env",""
"","","","","","","","2","Attempt to scope this phase for DEV/QAR","Rejected — phase applies to PROD/HFX only",""
"TC-P4.1-02","Test Case","Approved maintenance window exists before offline","WS1","4.1","P1","CRITICAL — Change control","","","","test-cases/WS1-Core-Infra-DB-Deploy/TC_Phase04.1_BringComDBOfflinePROD.md"
"","","","","","","","1","Confirm PM/BA + business stakeholders approved a window","Documented date/time",""
"","","","","","","","2","Confirm ticket Description has ""Approved Maintenance Window: <date/time>"" (not the `[INSERT DATE AND TIME]` placeholder)","Real value present",""
"","","","","","","","3","Confirm offline occurs only within the window","Within window",""
"TC-P4.1-03","Test Case","Connections drained & app teams notified before offline","WS1","4.1","P1","Safety","","","","test-cases/WS1-Core-Infra-DB-Deploy/TC_Phase04.1_BringComDBOfflinePROD.md"
"","","","","","","","1","Confirm application teams notified pre-offline","Notified",""
"","","","","","","","2","Confirm all active connections terminated gracefully","Graceful drain",""
"","","","","","","","3","Confirm exact offline time documented","Timestamp recorded",""
"","","","","","","","4","Confirm DB fully offline before any backup begins","Verified offline",""
"TC-P4.1-04","Test Case","Only Windward_Commercial (COM) targeted","WS1","4.1","P1","Correct DB","","","","test-cases/WS1-Core-Infra-DB-Deploy/TC_Phase04.1_BringComDBOfflinePROD.md"
"","","","","","","","1","Confirm target = Windward_Commercial (COM)","Correct DB",""
"","","","","","","","2","Confirm no unrelated DB taken offline","Scope correct",""
"TC-P4.1-05","Test Case","DBA confirms offline status in ticket","WS1","4.1","P1","Hand-off outcome","","","","test-cases/WS1-Core-Infra-DB-Deploy/TC_Phase04.1_BringComDBOfflinePROD.md"
"","","","","","","","1","Await ticket Done w/ comment: exact offline time, status verification, issues","All present",""
"TC-P4.1-06","Test Case","PROD-only vs ""PROD and HFX"" / acceptance-criteria inconsistency","WS1","4.1","P1","DOC DEFECT","","","","test-cases/WS1-Core-Infra-DB-Deploy/TC_Phase04.1_BringComDBOfflinePROD.md"
"","","","","","","","1","Compare filename/Intro (""PROD ONLY""), H1 (""PROD and HFX""), Title template (""... PROD""), AC (""PRODUCTION"")","Inconsistency confirmed",""
"","","","","","","","2","Determine intended scope with DBA/architect","Clarified",""
"TC-P4.1-07","Test Case","Path exists if offline fails or window overruns","WS1","4.1","P1","Rollback/contingency","","","","test-cases/WS1-Core-Infra-DB-Deploy/TC_Phase04.1_BringComDBOfflinePROD.md"
"","","","","","","","1","Define behavior if connections won't drain or window expires","Documented rollback/abort (bring back online, reschedule)",""
"TC-P4.2-01","Test Case","All three databases backed up","WS1","4.2","P1","CRITICAL — Completeness","","","","test-cases/WS1-Core-Infra-DB-Deploy/TC_Phase04.2_BackupRestore.md"
"","","","","","","","1","Confirm Config (`REF[ConfigDatabaseName]`), Payment (`REF[PaymentDatabaseName]`), Windward (`REF[WindwardDatabaseName]`) all backed up","All 3 present",""
"","","","","","","","2","Confirm DB names resolved from Env Variables (no `REF[]`, correct per client)","Correct names",""
"TC-P4.2-02","Test Case","Backup integrity validated & documented","WS1","4.2","P1","CRITICAL — Integrity","","","","test-cases/WS1-Core-Infra-DB-Deploy/TC_Phase04.2_BackupRestore.md"
"","","","","","","","1","DBA validates backup integrity (e.g., RESTORE VERIFYONLY / checksum)","Pass",""
"","","","","","","","2","Backup file locations, sizes, timestamps documented in ticket","Recorded",""
"TC-P4.2-03","Test Case","PROD backup only after Phase 4.1 offline","WS1","4.2","P1","Sequencing — PROD source","","","","test-cases/WS1-Core-Infra-DB-Deploy/TC_Phase04.2_BackupRestore.md"
"","","","","","","","1","Confirm PROD backup taken only after COM DB offline (Phase 4.1)","Order correct",""
"TC-P4.2-04","Test Case","All three DBs restored to windward-database-server (01)","WS1","4.2","P1","CRITICAL — Completeness","","","","test-cases/WS1-Core-Infra-DB-Deploy/TC_Phase04.2_BackupRestore.md"
"","","","","","","","1","Confirm target = `REF[windward-database-server]` (01)","Correct server",""
"","","","","","","","2","Confirm Config, Payment, Windward all restored","All 3 restored",""
"TC-P4.2-05","Test Case","Integrity validated after restore","WS1","4.2","P1","CRITICAL — Integrity post-restore","","","","test-cases/WS1-Core-Infra-DB-Deploy/TC_Phase04.2_BackupRestore.md"
"","","","","","","","1","DBA runs integrity checks (e.g., DBCC CHECKDB)","Pass, no corruption",""
"","","","","","","","2","Row counts / key objects sanity-checked vs source","Consistent",""
"TC-P4.2-06","Test Case","Permissions configured post-restore","WS1","4.2","P1","Permissions/access","","","","test-cases/WS1-Core-Infra-DB-Deploy/TC_Phase04.2_BackupRestore.md"
"","","","","","","","1","Confirm DB permissions/access configured","Least-privilege, correct logins",""
"TC-P4.2-07","Test Case","Connectivity verified via SSMS","WS1","4.2","P1","SQA validation","","","","test-cases/WS1-Core-Infra-DB-Deploy/TC_Phase04.2_BackupRestore.md"
"","","","","","","","1","SQA connects via SQL Server Management Studio (per Phase 4 Step 2)","Connects successfully",""
"","","","","","","","2","Connectivity confirmed from application servers","Reachable",""
"TC-P4.2-08","Test Case","One backup+restore cycle per env, in order","WS1","4.2","P1","Sequential env","","","","test-cases/WS1-Core-Infra-DB-Deploy/TC_Phase04.2_BackupRestore.md"
"","","","","","","","1","DEV completed before QAR ticket; etc. through HFX","Strict order",""
"TC-P4.3-01","Test Case","Verified backup exists before shrink","WS1","4.3","P1","CRITICAL — Safety","","","","test-cases/WS1-Core-Infra-DB-Deploy/TC_Phase04.3_WWShrinkWW1.0AndConfig.md"
"","","","","","","","1","Confirm Phase 4.2 backup COMPLETE & integrity-validated for the env","Backup present & verified",""
"","","","","","","","2","Confirm restore path is known/tested","Recoverable",""
"","","","","","","","3","Block shrink if no verified backup","Hard stop",""
"TC-P4.3-02","Test Case","Shrink only for small/Tier-3 BUs","WS1","4.3","P1","CRITICAL — Tier applicability gate","","","","test-cases/WS1-Core-Infra-DB-Deploy/TC_Phase04.3_WWShrinkWW1.0AndConfig.md"
"","","","","","","","1","Tier 3 (e.g., SLE)","Shrink **applies**",""
"","","","","","","","2","Tier 1 / Tier 2","Shrink **does not apply** — do not run (confirm with architect)",""
"TC-P4.3-03","Test Case","Purchaser/Parent/Sub-Group IDs correct & complete","WS1","4.3","P1","CRITICAL — Data scoping correctness","","","","test-cases/WS1-Core-Infra-DB-Deploy/TC_Phase04.3_WWShrinkWW1.0AndConfig.md"
"","","","","","","","1","Verify Purchaser_ID(s) from Mandy Willms/AJ match the client","Exact",""
"","","","","","","","2","Verify Parent_Group_ID(s) complete","All groups present",""
"","","","","","","","3","Verify Sub_Group_ID(s) complete (often a long comma-separated list — none omitted)","Full list, correct format",""
"","","","","","","","4","Cross-check IDs vs an independent client definition (e.g., NBI / ClientMemCount lineage)","Consistent",""
"","","","","","","","5","Confirm comma-separated formatting parses as intended","No malformed/space-broken IDs",""
"TC-P4.3-04","Test Case","Verify_Shrink_Results.sql passes; no missing recent data","WS1","4.3","P1","CRITICAL — Data integrity post-shrink","","","","test-cases/WS1-Core-Infra-DB-Deploy/TC_Phase04.3_WWShrinkWW1.0AndConfig.md"
"","","","","","","","1","Run `Testing/Verify_Shrink_Results.sql` (Step 2 link)","Pass per spec",""
"","","","","","","","2","Confirm reduced DB contains **only** the target client's data","No other clients' data remains",""
"","","","","","","","3","Confirm target client's data is **complete** — members, recent activity, claims not missing","Complete",""
"","","","","","","","4","Spot-check known members for the client are present","Present",""
"TC-P4.3-05","Test Case","Before/after size documented and reduction confirmed","WS1","4.3","P1","Metrics","","","","test-cases/WS1-Core-Infra-DB-Deploy/TC_Phase04.3_WWShrinkWW1.0AndConfig.md"
"","","","","","","","1","DBA documents DB size before & after in Step 1 ticket","Both recorded",""
"","","","","","","","2","SQA confirms meaningful reduction per specs","Confirmed",""
"TC-P4.3-06","Test Case","Reduced DB reachable/usable","WS1","4.3","P1","Connectivity","","","","test-cases/WS1-Core-Infra-DB-Deploy/TC_Phase04.3_WWShrinkWW1.0AndConfig.md"
"","","","","","","","1","SQA tests connectivity/accessibility post-shrink","OK",""
"TC-P4.3-07","Test Case","Step 2 ticket linked; bugs routed to DBA","WS1","4.3","P1","Linkage & defect flow","","","","test-cases/WS1-Core-Infra-DB-Deploy/TC_Phase04.3_WWShrinkWW1.0AndConfig.md"
"","","","","","","","1","Step 2 validation story linked to Step 1 (""relates to""/""validates"")","Linked",""
"","","","","","","","2","Any issue (unexpected size, missing data, errors) → bug on backlog assigned to DBA","Routed",""
"TC-P4.3-08","Test Case","Per-env order; high-level validation only","WS1","4.3","P1","Sequential env + scope note","","","","test-cases/WS1-Core-Infra-DB-Deploy/TC_Phase04.3_WWShrinkWW1.0AndConfig.md"
"","","","","","","","1","Separate run+validate per env DEV→QAR→PROD→HFX","Order honored",""
"","","","","","","","2","Acknowledge validation is high-level; deep functional/data validation deferred to Phase 10","Noted",""
"TC-P4.3-09","Test Case","Broken/incorrect prerequisite reference","WS1","4.3","P1","DOC DEFECT","","","","test-cases/WS1-Core-Infra-DB-Deploy/TC_Phase04.3_WWShrinkWW1.0AndConfig.md"
"","","","","","","","1","Follow the Prereq link","Wrong/broken target confirmed",""
"TC-P4.5-01","Test Case","Replica matches source","WS1","4.5","P2","CRITICAL — data consistency","","","","test-cases/WS1-Core-Infra-DB-Deploy/TC_Phase04.5_Replication.md"
"","","","","","","","1","SQA connects to read-only server via SSMS using `REF[windward-database-read-only-server-ip]` (comma-port format)","Connects",""
"","","","","","","","2","Confirm Windward/Config/Payment DBs present and accessible","All present",""
"","","","","","","","3","Confirm replicated data matches source","Consistent",""
"TC-P4.5-02","Test Case","Distribution, publications, subscriptions configured","WS1","4.5","P2","Replication topology","","","","test-cases/WS1-Core-Infra-DB-Deploy/TC_Phase04.5_Replication.md"
"","","","","","","","1","Confirm distribution DB on distribution server","Configured",""
"","","","","","","","2","Confirm publications on source, subscriptions on read-only","Created",""
"","","","","","","","3","Confirm synchronized + low latency","Synced, minimal lag",""
"TC-P4.5-03","Test Case","AG configured and failover tested (if applicable)","WS1","4.5","P2","Always On AG + failover","","","","test-cases/WS1-Core-Infra-DB-Deploy/TC_Phase04.5_Replication.md"
"","","","","","","","1","If AG applicable, confirm configured","Configured",""
"","","","","","","","2","Test failover scenario","Fails over cleanly",""
"","","","","","","","3","Confirm monitoring/alerts on replication","Active",""
"TC-P4.5-04","Test Case","On-prem replication does not impact production","WS1","4.5","P2","Performance — on-prem","","","","test-cases/WS1-Core-Infra-DB-Deploy/TC_Phase04.5_Replication.md"
"","","","","","","","1","Confirm network connectivity + firewall/security groups for replication traffic","Established",""
"","","","","","","","2","Performance test: minimal impact on production DB","Acceptable",""
"","","","","","","","3","BI/reporting team confirms data matches AWS source; sample reports accurate","Validated",""
"TC-P4.5-05","Test Case","Broken next-phase link","WS1","4.5","P2","DOC DEFECT","","","","test-cases/WS1-Core-Infra-DB-Deploy/TC_Phase04.5_Replication.md"
"","","","","","","","1","""Next phase"" links Phase 5 as `Phase05_DeployWWApplications.md` (actual `Phase05_DeployWW1.0AndConfig.md`)","Broken link",""
"TC-P5-01","Test Case","App reachable via Citrix/Edge on internal network","WS1","5","P2","Functional — WW1.0 accessible","","","","test-cases/WS1-Core-Infra-DB-Deploy/TC_Phase05_DeployWW1.0AndConfig.md"
"","","","","","","","1","Open WW1.0 URL built from `REF[windward-app-NLB-loadbalancer-https-Alias]` (verify alias value, not hardcoded)","App loads",""
"","","","","","","","2","Confirm access is internal-only (Citrix/Edge), not externally exposed","Internal-only",""
"","","","","","","","3","Daniel Hobert sanity test + executor login","Running, no errors",""
"TC-P5-02","Test Case","Config reached through WW1.0 URL","WS1","5","P2","Functional — Config module navigation","","","","test-cases/WS1-Core-Infra-DB-Deploy/TC_Phase05_DeployWW1.0AndConfig.md"
"","","","","","","","1","From WW1.0, perform Group/Standard search","Lands on WW2.0 Group Config page",""
"","","","","","","","2","Click ""Home""","""Welcome to Configuration UI"" displayed",""
"TC-P5-03","Test Case","Tier-sized app/DB sustains expected load","WS1","5","P2","Performance","","","","test-cases/WS1-Core-Infra-DB-Deploy/TC_Phase05_DeployWW1.0AndConfig.md"
"","","","","","","","1","Drive representative member/claims navigation load for the Tier","Response times within threshold",""
"","","","","","","","2","Monitor server/DB resource use (incl. WW-Shrink-reduced DB)","Within Tier capacity",""
"TC-P5-04","Test Case","Config mislabeled ""Windward 2.0""; broken cross-link from 5.2","WS1","5","P2","DOC DEFECT","","","","test-cases/WS1-Core-Infra-DB-Deploy/TC_Phase05_DeployWW1.0AndConfig.md"
"","","","","","","","1","Step 2 prereq calls the Config module ""Windward 2.0"" (vs title ""Config Module"")","Inconsistency confirmed",""
"","","","","","","","2","Phase 5.2 links this phase as `Phase05_DeployWWApplications.md` (actual file `Phase05_DeployWW1.0AndConfig.md`)","Broken link confirmed",""
"TC-P5.1-01","Test Case","All three security user stories created, linked, assigned","WS1","5.1","P1","","","","","test-cases/WS1-Core-Infra-DB-Deploy/TC_Phase05.1_AppSecurity_WW1_Config.md"
"","","","","","","","1","US1/US2/US3 present with correct topic titles","All 3 present",""
"","","","","","","","2","Each links its infosec reference file(s); links resolve","Resolve",""
"","","","","","","","3","Assigned to InfoSec (+ Identity for US1/US2)","Correct",""
"TC-P5.1-02","Test Case","Okta SSO + portal integration works","WS1","5.1","P1","Functional/security — SSO","","","","test-cases/WS1-Core-Infra-DB-Deploy/TC_Phase05.1_AppSecurity_WW1_Config.md"
"","","","","","","","1","Authenticate to WW1.0 via Okta SSO","Success",""
"","","","","","","","2","Confirm SSO app added is the **WW1.0** app","Correct app",""
"","","","","","","","3","RBAC matrix + SailPoint requestable role + AD group cross-checked by Identity Team","Consistent",""
"TC-P5.1-03","Test Case","Failed-login handling & auth-event logging","WS1","5.1","P1","Security — auth testing","","","","test-cases/WS1-Core-Infra-DB-Deploy/TC_Phase05.1_AppSecurity_WW1_Config.md"
"","","","","","","","1","Attempt invalid login","Proper error handling, no info leak",""
"","","","","","","","2","Confirm authentication events logged","Events captured",""
"TC-P5.1-04","Test Case","DLP fingerprinting on PHI","WS1","5.1","P1","CRITICAL — PHI / ForcePoint DSS","","","","test-cases/WS1-Core-Infra-DB-Deploy/TC_Phase05.1_AppSecurity_WW1_Config.md"
"","","","","","","","1","Confirm ODBC connection + DB fingerprint job configured against the Government Database","Configured",""
"","","","","","","","2","Confirm discovery jobs target PHI with correct client-ID distinction","Correct scope",""
"TC-P5.1-05","Test Case","Missing AC; relative links; status inconsistency","WS1","5.1","P1","DOC DEFECTS","","","","test-cases/WS1-Core-Infra-DB-Deploy/TC_Phase05.1_AppSecurity_WW1_Config.md"
"","","","","","","","1","Note no Acceptance Criteria given (other phases have AC)","Logged",""
"","","","","","","","2","Reference links are relative `../architecture/...` (may not resolve from Jira)","Logged",""
"","","","","","","","3","Checklist all ""NOT STARTED"" vs siblings ""COMPLETE""","Logged",""
"TC-P6-01","Test Case","All four domain services ticketed and deployed","WS1","6","P2","Completeness","","","","test-cases/WS1-Core-Infra-DB-Deploy/TC_Phase06_DeployDomainServices.md"
"","","","","","","","1","Confirm 4 tickets created (Member, Group/Product, Claims, Data Publisher) each with correct title + doc link","All 4 present",""
"","","","","","","","2","Confirm each deployed to all environments","Complete",""
"TC-P6-02","Test Case","Each service running and smoke-validated","WS1","6","P2","Functional — service health","","","","test-cases/WS1-Core-Infra-DB-Deploy/TC_Phase06_DeployDomainServices.md"
"","","","","","","","1","NextGen + SQA confirm each service running","Healthy",""
"","","","","","","","2","SQA smoke test per service (note: smoke only; deep functional deferred)","Passes",""
"TC-P6-03","Test Case","Failure handling per AJ & NextGen team","WS1","6","P2","Rollback","","","","test-cases/WS1-Core-Infra-DB-Deploy/TC_Phase06_DeployDomainServices.md"
"","","","","","","","1","On failure, rollback executed","Restored",""
"TC-P6-04","Test Case","Broken infosec prereq reference","WS1","6","P2","DOC DEFECT","","","","test-cases/WS1-Core-Infra-DB-Deploy/TC_Phase06_DeployDomainServices.md"
"","","","","","","","1","Prereq ""3.1 Security setup"" → `Phase03.1_Infosec.md` (infosec is 3.4)","Broken/wrong ref",""
"TC-P4.4-01","Test Case","Verified Payment DB backup before shrink","WS2","4.4","P1","CRITICAL — Safety","","","","test-cases/WS2-Payments-Oracle/TC_Phase04.4_WWShrinkPayment.md"
"","","","","","","","1","Confirm a validated, restorable Payment DB backup exists (Phase 4.2)","Present & verified",""
"","","","","","","","2","Block shrink if absent","Hard stop",""
"TC-P4.4-02","Test Case","Payment shrink only for Tier-3/small BUs","WS2","4.4","P1","CRITICAL — Tier gate","","","","test-cases/WS2-Payments-Oracle/TC_Phase04.4_WWShrinkPayment.md"
"","","","","","","","1","Confirm client is Tier 3 (e.g., SLE)","Applies",""
"","","","","","","","2","Non-Tier-3 → do not run without architect sign-off","Gated",""
"TC-P4.4-03","Test Case","Payment DB name + group IDs correct/complete","WS2","4.4","P1","CRITICAL — Scoping correctness","","","","test-cases/WS2-Payments-Oracle/TC_Phase04.4_WWShrinkPayment.md"
"","","","","","","","1","Verify PaymentDatabaseName resolved correctly (no `REF[]`)","Correct",""
"","","","","","","","2","Verify Purchaser/Parent/Sub-Group IDs match the client & are complete/well-formed","Exact & complete",""
"","","","","","","","3","Confirm consistency with Phase 4.3 scoping (same client definition)","Identical IDs",""
"TC-P4.4-04","Test Case","Only client payment data, complete & balanced","WS2","4.4","P1","CRITICAL — Payment integrity post-shrink","","","","test-cases/WS2-Payments-Oracle/TC_Phase04.4_WWShrinkPayment.md"
"","","","","","","","1","Confirm reduced Payment DB holds only the target client's payment data","No other clients' payments",""
"","","","","","","","2","Confirm client payment records complete (no missing recent transactions)","Complete",""
"","","","","","","","3","Financial sanity checks (totals/counts vs expected) reconcile","Reconciled",""
"TC-P4.4-05","Test Case","Before/after size documented; reduction confirmed","WS2","4.4","P1","Metrics","","","","test-cases/WS2-Payments-Oracle/TC_Phase04.4_WWShrinkPayment.md"
"","","","","","","","1","DBA records before/after size in Step 1 ticket","Recorded",""
"","","","","","","","2","SQA confirms reduction","Confirmed",""
"TC-P4.4-06","Test Case","Step 2 linked to Step 1; bugs → DBA","WS2","4.4","P1","Linkage & defect flow","","","","test-cases/WS2-Payments-Oracle/TC_Phase04.4_WWShrinkPayment.md"
"","","","","","","","1","Validation story linked (""relates to""/""validates"")","Linked",""
"","","","","","","","2","Issues raised as bugs to DBA","Routed",""
"TC-P4.4-07","Test Case","Per-env order DEV→QAR→PROD→HFX","WS2","4.4","P1","Sequential env","","","","test-cases/WS2-Payments-Oracle/TC_Phase04.4_WWShrinkPayment.md"
"","","","","","","","1","Separate run+validate per env, in order","Honored",""
"TC-P5.2-01","Test Case","Reach Payment UI via WW1.0 → Commercial BU","WS2","5.2","P1","Functional — Payments navigation","","","","test-cases/WS2-Payments-Oracle/TC_Phase05.2_DeployWWPayments.md"
"","","","","","","","1","From WW1.0 URL, select **""Commercial""** business unit","BU selected",""
"","","","","","","","2","Navigate ""Misc Payment Transaction"" → Miscellaneous Transactions page","Page loads",""
"","","","","","","","3","Click ""Home"" → ""Welcome to Payment UI""","Displayed",""
"TC-P5.2-02","Test Case","Correct Tier deployment file selected","WS2","5.2","P1","CRITICAL — Tier file","","","","test-cases/WS2-Payments-Oracle/TC_Phase05.2_DeployWWPayments.md"
"","","","","","","","1","Confirm ""select appropriate tier file"" uses the Tier from Phase 1","Correct Tier file",""
"TC-P5.2-03","Test Case","Core payment transaction works on reduced DB","WS2","5.2","P1","Functional — payment integrity","","","","test-cases/WS2-Payments-Oracle/TC_Phase05.2_DeployWWPayments.md"
"","","","","","","","1","Execute a representative miscellaneous payment transaction (test data)","Processes correctly",""
"","","","","","","","2","Confirm operates against the correctly-scoped (WW-Shrink) Payment DB","Client data only",""
"TC-P5.2-04","Test Case","Broken Phase 5 link; duplicate description link","WS2","5.2","P1","DOC DEFECTS","","","","test-cases/WS2-Payments-Oracle/TC_Phase05.2_DeployWWPayments.md"
"","","","","","","","1","Prereqs link Phase 5 as `Phase05_DeployWWApplications.md` (actual `Phase05_DeployWW1.0AndConfig.md`)","Broken link (3×)",""
"","","","","","","","2","Description link #4 duplicates #3 (`applications-deployment-WW`)","Placeholder/wrong link",""
"TC-P5.3-01","Test Case","SSO app added is the Payments app, not WW1.0","WS2","5.3","P1","CRITICAL — correct instance","","","","test-cases/WS2-Payments-Oracle/TC_Phase05.3_AppSecurity_Payments.md"
"","","","","","","","1","Inspect the SSO app/integration created","Targets the **Payments** instance/portal",""
"","","","","","","","2","Confirm not a copy-paste of the WW1.0 (5.1) config","Distinct, correct app",""
"TC-P5.3-02","Test Case","","WS2","5.3","P1","Security — SSO + auth on Payments","","","","test-cases/WS2-Payments-Oracle/TC_Phase05.3_AppSecurity_Payments.md"
"","","","","","","","1","Okta SSO login to Payments portal","Success; correct RBAC",""
"","","","","","","","2","Invalid login handled; auth events logged","Yes",""
"TC-P5.3-03","Test Case","","WS2","5.3","P1","CRITICAL — PHI / ForcePoint DSS on payments data path","","","","test-cases/WS2-Payments-Oracle/TC_Phase05.3_AppSecurity_Payments.md"
"","","","","","","","1","Confirm ForcePoint DSS fingerprinting covers the payments PHI/financial data path","Configured, correct client-ID",""
"TC-P5.3-04","Test Case","Missing AC; copy-paste risk; status inconsistency","WS2","5.3","P1","DOC DEFECTS","","","","test-cases/WS2-Payments-Oracle/TC_Phase05.3_AppSecurity_Payments.md"
"","","","","","","","1","No Acceptance Criteria; near-identical to 5.1; checklist ""NOT STARTED""","Logged D-P5.3-1..2",""
"TC-P7-01","Test Case","SSIS connection strings updated for the new tenant","WS4","7","P2","CRITICAL — cross-tenant safety","","","","test-cases/WS4-Jobs-Correspondence-Reporting/TC_Phase07_TWSJobs.md"
"","","","","","","","1","Inspect SSIS `.dtsConfig` connection strings","Point at the new tenant's DBs only",""
"","","","","","","","2","Confirm no residual pointer to another tenant/source","No cross-tenant string",""
"TC-P7-02","Test Case","Business unit entries added to config tables","WS4","7","P2","Config data","","","","test-cases/WS4-Jobs-Correspondence-Reporting/TC_Phase07_TWSJobs.md"
"","","","","","","","1","Confirm BU entries added in `WindwardInterfaces` config table(s)","Present",""
"","","","","","","","2","Verify exact table name (doc hedges ""`tblClient_BU` or equivalent"") with DBA","Confirmed authoritative name",""
"TC-P7-03","Test Case","FTP connections/paths for Oracle integration correct","WS4","7","P2","Integration","","","","test-cases/WS4-Jobs-Correspondence-Reporting/TC_Phase07_TWSJobs.md"
"","","","","","","","1","Confirm FTP connections and file paths configured","Correct endpoints/paths",""
"TC-P7-04","Test Case","Automated jobs run successfully for the tenant","WS4","7","P2","Functional — job execution","","","","test-cases/WS4-Jobs-Correspondence-Reporting/TC_Phase07_TWSJobs.md"
"","","","","","","","1","Trigger/observe scheduled TWS jobs","Run, complete, correct data refresh",""
"","","","","","","","2","Verify dependency chains and restart/error handling","Behave correctly",""
"","","","","","","","3","Confirm Tier-appropriate job spec set applied","Correct set",""
"TC-P7-05","Test Case","TBD owners; non-authoritative table name; status","WS4","7","P2","DOC DEFECTS","","","","test-cases/WS4-Jobs-Correspondence-Reporting/TC_Phase07_TWSJobs.md"
"","","","","","","","1","Most owners + all managers ""TBD""; checklist ""NOT STARTED""; ""`tblClient_BU` or equivalent""","Logged D-P7-1..2",""
"TC-P9-01","Test Case","Connection strings point at the new tenant DB","WS4","9","P1","CRITICAL — cross-tenant","","","","test-cases/WS4-Jobs-Correspondence-Reporting/TC_Phase09_TrustedView.md"
"","","","","","","","1","Inspect Trusted View job connection strings","New tenant DB only",""
"TC-P9-02","Test Case","Jobs scheduled & refresh confirmed","WS4","9","P1","Step 1 — scheduling/refresh","","","","test-cases/WS4-Jobs-Correspondence-Reporting/TC_Phase09_TrustedView.md"
"","","","","","","","1","Confirm jobs scheduled at appropriate intervals","Scheduled",""
"","","","","","","","2","Confirm successful execution + data refresh","Refresh confirmed",""
"","","","","","","","3","Confirm off-peak scheduling to avoid rebuild timeouts on large volumes","Off-peak",""
"TC-P9-03","Test Case","All tables populated, counts/integrity correct","WS4","9","P1","CRITICAL — Step 2 rebuild integrity","","","","test-cases/WS4-Jobs-Correspondence-Reporting/TC_Phase09_TrustedView.md"
"","","","","","","","1","Run rebuild stored procedures (Step 2)","Complete without error",""
"","","","","","","","2","Verify **no table left unpopulated**","All populated",""
"","","","","","","","3","Verify row counts / integrity vs business rules","Consistent",""
"TC-P9-04","Test Case","Step 2 only after Step 1 COMPLETE","WS4","9","P1","Sequencing","","","","test-cases/WS4-Jobs-Correspondence-Reporting/TC_Phase09_TrustedView.md"
"","","","","","","","1","Confirm rebuild runs only after jobs configured","Order honored",""
"TC-P9-05","Test Case","Mermaid node concat; typo; no distinctive ref link","WS4","9","P1","DOC DEFECTS","","","","test-cases/WS4-Jobs-Correspondence-Reporting/TC_Phase09_TrustedView.md"
"","","","","","","","1","Mermaid `S7[...]S8[...]` nodes concatenated on one line","Logged",""
"","","","","","","","2","""checksvalidation"" typo (Step 2 desc)","Logged",""
"","","","","","","","3","Only generic `/architecture` link (no Trusted View spec)","Logged",""
"TC-P6.1-01","Test Case","All environments covered despite one ticket","WS5","6.1","P2","Env coverage — single ticket","","","","test-cases/WS5-Member-Facing/TC_Phase06.1_DeployBusinessService.md"
"","","","","","","","1","Confirm the deployment covers DEV, QAR, PROD, HFX","All four deployed",""
"","","","","","","","2","Confirm none lost due to single-ticket model","Complete coverage",""
"TC-P6.1-02","Test Case","Service running & validated","WS5","6.1","P2","Functional — service health","","","","test-cases/WS5-Member-Facing/TC_Phase06.1_DeployBusinessService.md"
"","","","","","","","1","NextGen team + SQA confirm service running","Healthy",""
"","","","","","","","2","SQA smoke test (note: SQA does smoke only here, not full functional)","Passes",""
"TC-P6.1-03","Test Case","Rollback path exercised if deploy fails","WS5","6.1","P2","Rollback","","","","test-cases/WS5-Member-Facing/TC_Phase06.1_DeployBusinessService.md"
"","","","","","","","1","On failure, ""AJ & NextGen team"" perform rollback","Service restored",""
"TC-P6.1-04","Test Case","Inconsistent infosec prereq ref; TBD owners; unidentified ""AJ""","WS5","6.1","P2","DOC DEFECTS","","","","test-cases/WS5-Member-Facing/TC_Phase06.1_DeployBusinessService.md"
"","","","","","","","1","Prereq references `Phase03.1_Infosec.md` (Phase 5 uses `Phase03.3_Infosec_IT_Intake.md`; actual infosec is 3.4)","Inconsistent ref",""
"","","","","","","","2","Manager/IT Lead = ""TBD""; rollback owner ""AJ"" lacks full name/email","Logged",""
"TC-P9.1-01","Test Case","Provider data synchronized completely","TBD","9.1","P2","CRITICAL — sync correctness","","","","test-cases/TBD-Cleanup-Cutover-DR-UAT/TC_Phase09.1_ProviderCopyJob.md"
"","","","","","","","1","Run job; compare provider counts source vs target","Counts match; no partial sync",""
"","","","","","","","2","Spot-check known providers copied","Present and correct",""
"TC-P9.1-02","Test Case","Connection strings tenant-specific","TBD","9.1","P2","Cross-tenant safety","","","","test-cases/TBD-Cleanup-Cutover-DR-UAT/TC_Phase09.1_ProviderCopyJob.md"
"","","","","","","","1","Inspect job connection strings","New tenant source/target only",""
"TC-P9.1-03","Test Case","Service account permissions sufficient","TBD","9.1","P2","Permissions","","","","test-cases/TBD-Cleanup-Cutover-DR-UAT/TC_Phase09.1_ProviderCopyJob.md"
"","","","","","","","1","Confirm job service account has required DB permissions","No permission errors (per Common Issues)",""
"TC-P9.1-04","Test Case","Runs at appropriate intervals","TBD","9.1","P2","Scheduling","","","","test-cases/TBD-Cleanup-Cutover-DR-UAT/TC_Phase09.1_ProviderCopyJob.md"
"","","","","","","","1","Confirm schedule configured","Correct interval",""
"TC-P9.1-05","Test Case","Embedded ""links"" are tasks; TBD managers; status","TBD","9.1","P2","DOC DEFECTS","","","","test-cases/TBD-Cleanup-Cutover-DR-UAT/TC_Phase09.1_ProviderCopyJob.md"
"","","","","","","","1","Description items 3–6 are instructions, not links; managers TBD; checklist ""IN PROGRESS""","Logged D-P9.1-1",""
"TC-P9.2-01","Test Case","Snapshot/backup exists before any downsizing","TBD","9.2","P1","CRITICAL — Safety","","","","test-cases/TBD-Cleanup-Cutover-DR-UAT/TC_Phase09.2_RemoveExtraResources.md"
"","","","","","","","1","Confirm EC2/EBS snapshot taken before resource removal","Snapshot exists (rollback per Common Issues)",""
"","","","","","","","2","Block changes if no snapshot","Hard stop",""
"TC-P9.2-02","Test Case","EBS cannot be shrunk","TBD","9.2","P1","CRITICAL — DOC defect / AWS limitation","","","","test-cases/TBD-Cleanup-Cutover-DR-UAT/TC_Phase09.2_RemoveExtraResources.md"
"","","","","","","","1","Confirm the approach used is delete-and-recreate (with snapshot/migration), not in-place shrink","Correct method",""
"","","","","","","","2","Flag the contradictory guidance","Logged",""
"TC-P9.2-03","Test Case","CPU/disk reduced based on CloudWatch, headroom retained","TBD","9.2","P1","Right-sizing correctness","","","","test-cases/TBD-Cleanup-Cutover-DR-UAT/TC_Phase09.2_RemoveExtraResources.md"
"","","","","","","","1","Base reductions on CloudWatch utilization for the Tier","Data-driven",""
"","","","","","","","2","Confirm adequate headroom retained (not over-reduced)","Safe margin",""
"TC-P9.2-04","Test Case","All apps/services validated post-change against thresholds","TBD","9.2","P1","Performance — CRITICAL","","","","test-cases/TBD-Cleanup-Cutover-DR-UAT/TC_Phase09.2_RemoveExtraResources.md"
"","","","","","","","1","After resizing, run performance validation across all apps/services","Within thresholds",""
"","","","","","","","2","Confirm no degradation/outage","Healthy",""
"TC-P9.2-05","Test Case","New configs + cost savings recorded in Env Variables","TBD","9.2","P1","Documentation","","","","test-cases/TBD-Cleanup-Cutover-DR-UAT/TC_Phase09.2_RemoveExtraResources.md"
"","","","","","","","1","Update Env Variables spreadsheet with new configs","Updated",""
"","","","","","","","2","Document cost savings","Recorded",""
"TC-P9.2-06","Test Case","TBD owners; status","TBD","9.2","P1","DOC DEFECTS","","","","test-cases/TBD-Cleanup-Cutover-DR-UAT/TC_Phase09.2_RemoveExtraResources.md"
"","","","","","","","1","All Work Assignment owners + Infra Team + manager ""TBD""; checklist ""IN PROGRESS""","Logged D-P9.2-2",""
"TC-P10-01","Test Case","Backup taken & verified before EVERY removal","TBD","10","P1","CRITICAL — Safety","","","","test-cases/TBD-Cleanup-Cutover-DR-UAT/TC_Phase10_RemoveSLEData.md"
"","","","","","","","1","For each target DB, confirm a backup is taken **before** running removal scripts","Backup exists",""
"","","","","","","","2","Confirm backup is restorable (integrity verified)","Restorable",""
"","","","","","","","3","Block removal if no verified backup","Hard stop",""
"TC-P10-02","Test Case","Tenant live on AWS + business sign-off before removal","TBD","10","P1","CRITICAL — Go/no-go gate","","","","test-cases/TBD-Cleanup-Cutover-DR-UAT/TC_Phase10_RemoveSLEData.md"
"","","","","","","","1","Confirm tenant verified live/operational on AWS","Confirmed",""
"","","","","","","","2","Confirm documented business sign-off for COM data removal","Sign-off on file",""
"","","","","","","","3","Confirm migration validated (environment testing complete)","Validated",""
"TC-P10-03","Test Case","Only the tenant's SLE/Selector data removed","TBD","10","P1","CRITICAL — Scope correctness","","","","test-cases/TBD-Cleanup-Cutover-DR-UAT/TC_Phase10_RemoveSLEData.md"
"","","","","","","","1","Verify Selector Type + Selector Values match the migrated tenant exactly (from Env Variables)","Exact",""
"","","","","","","","2","Confirm removal scripts target only those selectors","Scoped correctly",""
"","","","","","","","3","Confirm **no other client's** data is in scope","Isolated",""
"TC-P10-04","Test Case","Record counts prove correct removal","TBD","10","P1","CRITICAL — Before/after validation","","","","test-cases/TBD-Cleanup-Cutover-DR-UAT/TC_Phase10_RemoveSLEData.md"
"","","","","","","","1","Capture record counts **before** removal","Baseline recorded",""
"","","","","","","","2","Capture counts **after** removal","Recorded",""
"","","","","","","","3","Delta equals expected tenant-data volume; SLE data confirmed gone; non-tenant counts unchanged","Reconciles",""
"TC-P10-05","Test Case","Removal handles constraints without corruption","TBD","10","P1","Integrity — FK/dependencies","","","","test-cases/TBD-Cleanup-Cutover-DR-UAT/TC_Phase10_RemoveSLEData.md"
"","","","","","","","1","If FK constraints/dependencies block removal, follow documented resolution (remove dependents first / temporarily disable)","Clean removal",""
"","","","","","","","2","Post-removal integrity check on remaining COM data","No corruption/orphans",""
"TC-P10-06","Test Case","Steps executed in order 1→2→3→4","TBD","10","P1","Sequencing","","","","test-cases/TBD-Cleanup-Cutover-DR-UAT/TC_Phase10_RemoveSLEData.md"
"","","","","","","","1","Windward (1) → Payment (2) → Config (3) → AWS Claims Domain (4), each prior COMPLETE","Order honored",""
"TC-P10-07","Test Case","Removal scheduled off-peak; batched for large volumes","TBD","10","P1","Performance/timing","","","","test-cases/TBD-Cleanup-Cutover-DR-UAT/TC_Phase10_RemoveSLEData.md"
"","","","","","","","1","Confirm large-volume removals scheduled off-peak / batched (per Common Issues)","No production impact",""
"TC-P10-08","Test Case","Applicability TODO for KCL & Prebuild BU","TBD","10","P1","DOC / open question","","","","test-cases/TBD-Cleanup-Cutover-DR-UAT/TC_Phase10_RemoveSLEData.md"
"","","","","","","","1","Note the phase-top TODO: ""Double-check with Mel how relevant this activity is with KCL & Prebuild BU""","Resolve before running for those clients",""
"","","","","","","","2","Managers ""TBD"" throughout","Logged",""
"TC-P11-01","Test Case","Phase 10 fully complete & validated before online","TBD","11","P1","CRITICAL — Gate","","","","test-cases/TBD-Cleanup-Cutover-DR-UAT/TC_Phase11_BringComDBOnlinePROD.md"
"","","","","","","","1","Confirm all four Phase 10 removals Done & validated by DBA","Confirmed",""
"","","","","","","","2","Confirm DB integrity post-removal","Intact",""
"","","","","","","","3","Block bring-online if any Phase 10 step incomplete","Hard stop",""
"TC-P11-02","Test Case","PROD only","TBD","11","P1","Environment gating","","","","test-cases/TBD-Cleanup-Cutover-DR-UAT/TC_Phase11_BringComDBOnlinePROD.md"
"","","","","","","","1","Confirm ticket targets PRODUCTION only","Correct",""
"","","","","","","","2","No DEV/QAR bring-online performed","None",""
"TC-P11-03","Test Case","COM online, reachable, services running","TBD","11","P1","CRITICAL — Online + connectivity","","","","test-cases/TBD-Cleanup-Cutover-DR-UAT/TC_Phase11_BringComDBOnlinePROD.md"
"","","","","","","","1","DBA brings Windward_Commercial online","Online",""
"","","","","","","","2","Verify DB connectivity & accessibility","Reachable",""
"","","","","","","","3","Confirm SQL Server services running properly","Running",""
"","","","","","","","4","Document exact time brought online","Timestamp recorded",""
"TC-P11-04","Test Case","Apps connect & operate against COM","TBD","11","P1","SQA — application connectivity","","","","test-cases/TBD-Cleanup-Cutover-DR-UAT/TC_Phase11_BringComDBOnlinePROD.md"
"","","","","","","","1","SQA validates application connectivity to COM","Apps connect",""
"","","","","","","","2","Confirm no errors post-online (monitor window)","Clean",""
"TC-P11-05","Test Case","Application teams & stakeholders notified","TBD","11","P1","Comms","","","","test-cases/TBD-Cleanup-Cutover-DR-UAT/TC_Phase11_BringComDBOnlinePROD.md"
"","","","","","","","1","Confirm app teams/stakeholders notified COM is operational","Notified",""
"TC-P11-06","Test Case","Failure paths handled","TBD","11","P1","Contingency — known issues","","","","test-cases/TBD-Cleanup-Cutover-DR-UAT/TC_Phase11_BringComDBOnlinePROD.md"
"","","","","","","","1","If DB won't come online (corruption/config) → review logs, integrity, **restore from backup** if needed","Recovery path works",""
"","","","","","","","2","App connectivity / service-start / performance issues → documented resolutions applied","Resolved",""
"TC-PX-01","Test Case","No E2E start until every prior phase passes","TBD","X","P1","Gate — all phases complete","","","","test-cases/TBD-Cleanup-Cutover-DR-UAT/TC_PhaseX_EndToEndTest_UAT.md"
"","","","","","","","1","Confirm every phase 1–12 COMPLETE with its suite executed/passing (or risk-accepted)","All complete",""
"","","","","","","","2","Confirm placeholder phases (7.1–7.5, 8, 12) were authored & passed, not skipped on empty templates","Real coverage",""
"TC-PX-02","Test Case","Testing backlog, strategy, plan, cases in place","TBD","X","P1","Feature + backlog built","","","","test-cases/TBD-Cleanup-Cutover-DR-UAT/TC_PhaseX_EndToEndTest_UAT.md"
"","","","","","","","1","Confirm Jira **Feature** created (not Story) with correct title + Testing/Strategy links","Feature created",""
"","","","","","","","2","Confirm SQA built the testing backlog: strategy, execution plan, cases, automation (if needed)","Built",""
"TC-PX-03","Test Case","Full onboarding behaves correctly end-to-end","TBD","X","P1","Functional E2E — cross-workstream","","","","test-cases/TBD-Cleanup-Cutover-DR-UAT/TC_PhaseX_EndToEndTest_UAT.md"
"","","","","","","","1","Execute end-to-end functional flows spanning WS1–WS5: member enrollment → eligibility (WS3) → claims adjudication → payments (WS2) → correspondence/reporting (WS4) → portal/mobile access (WS5)","Correct end-to-end",""
"","","","","","","","2","Confirm data consistent across Windward, domain services, Trusted View, on-prem replicas","Consistent",""
"TC-PX-04","Test Case","Tenant meets performance/load targets for its Tier","TBD","X","P1","Performance — acceptance","","","","test-cases/TBD-Cleanup-Cutover-DR-UAT/TC_PhaseX_EndToEndTest_UAT.md"
"","","","","","","","1","Run load representative of the Tier's member/claims volume","Within response-time & resource thresholds",""
"","","","","","","","2","Confirm WW-Shrink-reduced DBs + right-sized infra (Phase 9.2) sustain load","Acceptable",""
"TC-PX-05","Test Case","Business signs off","TBD","X","P1","UAT — business acceptance","","","","test-cases/TBD-Cleanup-Cutover-DR-UAT/TC_PhaseX_EndToEndTest_UAT.md"
"","","","","","","","1","Business/UAT participants validate key scenarios","Accepted",""
"","","","","","","","2","UAT results documented","Recorded",""
"TC-PX-06","Test Case","Critical/High bugs resolved before go-live","TBD","X","P1","Exit gate — bug resolution","","","","test-cases/TBD-Cleanup-Cutover-DR-UAT/TC_PhaseX_EndToEndTest_UAT.md"
"","","","","","","","1","Confirm bugs reported, tracked (dashboards), and **all critical/high resolved**","Resolved",""
"","","","","","","","2","Confirm results documented/reported via Jira","Reported",""
"TC-PX-07","Test Case","""Phase 1 through Phase 13"" reference","TBD","X","P1","DOC DEFECT","","","","test-cases/TBD-Cleanup-Cutover-DR-UAT/TC_PhaseX_EndToEndTest_UAT.md"
"","","","","","","","1","Step intro says ""Phase 1 through Phase 13"" but the playbook ends at Phase 12 / Phase X","No Phase 13 exists",""
